"id_local","clase_vial_acceso","desc_vial_acceso","num_acceso","rotulo","desc_seccion","desc_division","lng","lat","label"
1,"CALLE","ATOCHA",57,"SOLPARK SALON DE JUEGO","ACTIVIDADES ARTISTICAS, RECREATIVAS Y DE ENTRETENIMIENTO","ACTIVIDADES DE JUEGOS DE AZAR Y APUESTAS","-3.699726","40.4128155",
2,"RONDA","ATOCHA",12,"WINNERS APUESTAS DEPORTIVAS","ACTIVIDADES ARTISTICAS, RECREATIVAS Y DE ENTRETENIMIENTO","ACTIVIDADES DE JUEGOS DE AZAR Y APUESTAS","-3.696592299999999","40.4069042",
3,"CALLE","TOLEDO",61,"SALON DE JUEGO TREBOL","ACTIVIDADES ARTISTICAS, RECREATIVAS Y DE ENTRETENIMIENTO","ACTIVIDADES DE JUEGOS DE AZAR Y APUESTAS","-3.7079554","40.4112907",
4,"CALLE","EMBAJADORES",4,"SOL PARK SALON DE JUEGOS","ACTIVIDADES ARTISTICAS, RECREATIVAS Y DE ENTRETENIMIENTO","ACTIVIDADES DE JUEGOS DE AZAR Y APUESTAS","-3.7068446","40.4104351",
5,"CALLE","HORTALEZA",35,"RECREATIVOS TREVINCA","ACTIVIDADES ARTISTICAS, RECREATIVAS Y DE ENTRETENIMIENTO","ACTIVIDADES DE JUEGOS DE AZAR Y APUESTAS","-3.6998232","40.4221662",
6,"CALLE","HORTALEZA",2,"CASINO GRAN VIA","ACTIVIDADES ARTISTICAS, RECREATIVAS Y DE ENTRETENIMIENTO","ACTIVIDADES DE JUEGOS DE AZAR Y APUESTAS","-3.7009485","40.4203186",
7,"PASEO","RECOLETOS",41,"CASINO DE JUEGO GRAN MADRID","ACTIVIDADES ARTISTICAS, RECREATIVAS Y DE ENTRETENIMIENTO","ACTIVIDADES DE JUEGOS DE AZAR Y APUESTAS","-3.6918811","40.425086",
8,"CALLE","ESPARTEROS",1,"AZAR CASINOS SOL","ACTIVIDADES ARTISTICAS, RECREATIVAS Y DE ENTRETENIMIENTO","ACTIVIDADES DE JUEGOS DE AZAR Y APUESTAS","-3.7049219","40.4163611",
9,"CALLE","MONTERA",5,"CODERE APUESTAS","ACTIVIDADES ARTISTICAS, RECREATIVAS Y DE ENTRETENIMIENTO","ACTIVIDADES DE JUEGOS DE AZAR Y APUESTAS","-3.703069499999999","40.4173864",
10,"CALLE","MAYOR",6,"R0TULO NO INFORMADO","ACTIVIDADES ARTISTICAS, RECREATIVAS Y DE ENTRETENIMIENTO","ACTIVIDADES DE JUEGOS DE AZAR Y APUESTAS","-3.7054415","40.4166846",
11,"CALLE","MONTERA",41,"LUCKIA SALON RECREATIVO","ACTIVIDADES ARTISTICAS, RECREATIVAS Y DE ENTRETENIMIENTO","ACTIVIDADES DE JUEGOS DE AZAR Y APUESTAS","-3.702223","40.4192304",
12,"CALLE","CARRETAS",13,"R0TULO NO INFORMADO","ACTIVIDADES ARTISTICAS, RECREATIVAS Y DE ENTRETENIMIENTO","ACTIVIDADES DE JUEGOS DE AZAR Y APUESTAS","-3.7029731","40.4160399",
13,"CALLE","MONTERA",44,"MADRID JUEGOS","ACTIVIDADES ARTISTICAS, RECREATIVAS Y DE ENTRETENIMIENTO","ACTIVIDADES DE JUEGOS DE AZAR Y APUESTAS","-3.70157","40.41948",
14,"CALLE","ESPOZ Y MINA",2,"JUEGOS MADRID","ACTIVIDADES ARTISTICAS, RECREATIVAS Y DE ENTRETENIMIENTO","ACTIVIDADES DE JUEGOS DE AZAR Y APUESTAS","-3.7023837","40.4165082",
15,"CALLE","MAYOR",1,"LUCKIA SPORT CAFE APUESTAS SLOTS","ACTIVIDADES ARTISTICAS, RECREATIVAS Y DE ENTRETENIMIENTO","ACTIVIDADES DE JUEGOS DE AZAR Y APUESTAS","-3.7046732","40.416463",
16,"CALLE","PRECIADOS",32,"MADRID JUEGOS","ACTIVIDADES ARTISTICAS, RECREATIVAS Y DE ENTRETENIMIENTO","ACTIVIDADES DE JUEGOS DE AZAR Y APUESTAS","-3.706429399999999","40.4197768",
17,"PLAZA","JACINTO BENAVENTE",5,"HE LLO PRECIO DE FABRICA","ACTIVIDADES ARTISTICAS, RECREATIVAS Y DE ENTRETENIMIENTO","ACTIVIDADES DE JUEGOS DE AZAR Y APUESTAS","-3.7037799","40.4147599",
18,"PLAZA","JACINTO BENAVENTE",5,"BINGO RIOJANO MAQUINAS ESPECIALES","ACTIVIDADES ARTISTICAS, RECREATIVAS Y DE ENTRETENIMIENTO","ACTIVIDADES DE JUEGOS DE AZAR Y APUESTAS","-3.7037799","40.4147599",
19,"CALLE","REYES",7,"JUEGOYAZAR.COM","ACTIVIDADES ARTISTICAS, RECREATIVAS Y DE ENTRETENIMIENTO","ACTIVIDADES DE JUEGOS DE AZAR Y APUESTAS","-3.7089193","40.4242362",
20,"CALLE","CARRANZA",27,"PREMIUM SALON DE JUEGOS","ACTIVIDADES ARTISTICAS, RECREATIVAS Y DE ENTRETENIMIENTO","ACTIVIDADES DE JUEGOS DE AZAR Y APUESTAS","-3.7051803","40.4293471",
21,"CALLE","GRAN VIA",50,"R0TULO NO INFORMADO","ACTIVIDADES ARTISTICAS, RECREATIVAS Y DE ENTRETENIMIENTO","ACTIVIDADES DE JUEGOS DE AZAR Y APUESTAS","-3.7065673","40.4209018",
22,"PLAZA","LAVAPIES",8,"APUESTAS VICTORIA",,"JUEGOS DE AZAR Y APUESTAS DE GESTION PUBLICA O O AUTORIZACION ESPECIAL (ESTADO Y ONCE)","-3.7012598","40.408684","notcouncildata"
23,"CALLE","OLIVAR",54,"SPORTIUM",,"JUEGOS DE AZAR Y APUESTAS DE GESTION PUBLICA O O AUTORIZACION ESPECIAL (ESTADO Y ONCE)","-3.7014319","40.4091619","notcouncildata"
24,"CALLE","MONTERA",38,"SALON EL DORADO SPORTIUM",,"LICENCIA DESCONOCIDA","-3.701701","40.41925699999999","notcouncildata"
25,"CALLE","ATOCHA",75,"BWIN",,"LICENCIA DESCONOCIDA","-3.6983771","40.4121332","notcouncildata"
26,"CALLE","EMBAJADORES",43,"SALON DE JUEGO NEVADA CODERE",,"LICENCIA DESCONOCIDA","-3.7036452","40.4071772","notcouncildata"
27,"CALLE","ESTUDIOS",2,"SALON DE JUEGOS SPORT BAR",,"ACTIVIDADES DE APOYO A LAS EMPRESAS N.C.O.P. (AGENCIAS DE COBROS, ENVASADO Y EMPAQUETADO)","-3.707549","40.4123476","notcouncildata"
28,"CALLE","ATOCHA",56,"TOKA/ SPORTIUM",,"LICENCIA DESCONOCIDA","-3.6990187","40.4121902","notcouncildata"
29,"CALLE","EMBAJADORES",5,"PICADILLY",,"LICENCIA DESCONOCIDA","-3.7066846","40.4105509","notcouncildata"
30,"CALLE","PRINCIPE",15,"CODERE",,"LOCAL SIN ACTIVIDAD","-3.7002218","40.4154693","notcouncildata"
31,"CALLE","ARENAL",22,"SALON DE JUEGOS SPORTIUM",,"COMERCIO AL POR MENOR CON MAQUINAS EXPENDEDORAS","-3.7074789","40.4177305","notcouncildata"
32,"CALLE","EMBAJADORES",17,"SALON MARVIN CODERE",,"LICENCIA DESCONOCIDA","-3.7054977","40.4092871","notcouncildata"
33,"CALLE","ERCILLA",53,"POR DETERMINAR","ACTIVIDADES ARTISTICAS, RECREATIVAS Y DE ENTRETENIMIENTO","ACTIVIDADES DE JUEGOS DE AZAR Y APUESTAS","-3.7007596","40.4004695",
34,"CALLE","MENDEZ ALVARO",83,"JUEGOS RECREATIVOS","ACTIVIDADES ARTISTICAS, RECREATIVAS Y DE ENTRETENIMIENTO","ACTIVIDADES DE JUEGOS DE AZAR Y APUESTAS","-3.6785352","40.3951281",
35,"CALLE","EMBAJADORES",176,"SALON DE JUEGOS","ACTIVIDADES ARTISTICAS, RECREATIVAS Y DE ENTRETENIMIENTO","ACTIVIDADES DE JUEGOS DE AZAR Y APUESTAS","-3.6953552","40.3948754",
36,"CALLE","ALONSO CARBONELL",2,"SAL0N DE JUEGO EL DORADO","ACTIVIDADES ARTISTICAS, RECREATIVAS Y DE ENTRETENIMIENTO","ACTIVIDADES DE JUEGOS DE AZAR Y APUESTAS","-3.6966371","40.3953093",
37,"CALLE","EUGENIO SELLES",1,"JUEGO","ACTIVIDADES ARTISTICAS, RECREATIVAS Y DE ENTRETENIMIENTO","ACTIVIDADES DE JUEGOS DE AZAR Y APUESTAS","-3.6988256","40.3958244",
38,"PASEO","SANTA MARIA DE LA CABEZA",75,"TILLT BILLAR CLUB","ACTIVIDADES ARTISTICAS, RECREATIVAS Y DE ENTRETENIMIENTO","ACTIVIDADES DE JUEGOS DE AZAR Y APUESTAS","-3.701184399999999","40.3986341",
39,"PASEO","DELICIAS",87,"SALON JUEGOS ROYAL CROWN","ACTIVIDADES ARTISTICAS, RECREATIVAS Y DE ENTRETENIMIENTO","ACTIVIDADES DE JUEGOS DE AZAR Y APUESTAS","-3.6943077","40.3960715",
40,"PASEO","DELICIAS",74,"BANCO SANTANDER","ACTIVIDADES ARTISTICAS, RECREATIVAS Y DE ENTRETENIMIENTO","ACTIVIDADES DE JUEGOS DE AZAR Y APUESTAS","-3.694477","40.3989357",
41,"CALLE","EMBAJADORES",117,"MARVIN ELECTRONIC CASINOS","ACTIVIDADES ARTISTICAS, RECREATIVAS Y DE ENTRETENIMIENTO","ACTIVIDADES DE JUEGOS DE AZAR Y APUESTAS","-3.6973309","40.3984513",
42,"PASEO","JUAN ANTONIO VALLEJO-NAJERA BOTAS",52,"SPORTIUM","ACTIVIDADES ARTISTICAS, RECREATIVAS Y DE ENTRETENIMIENTO","ACTIVIDADES DE JUEGOS DE AZAR Y APUESTAS","-3.7149358","40.4041303",
43,"PLAZA","LEGAZPI",3,"LUCKIA APUESTAS","ACTIVIDADES ARTISTICAS, RECREATIVAS Y DE ENTRETENIMIENTO","ACTIVIDADES DE JUEGOS DE AZAR Y APUESTAS","-3.6943289","40.3911326",
44,"CALLE","FERROCARRIL",38,"BINGO CINCO ESTRELLAS","ACTIVIDADES ARTISTICAS, RECREATIVAS Y DE ENTRETENIMIENTO","ACTIVIDADES DE JUEGOS DE AZAR Y APUESTAS","-3.697788","40.4012044",
45,"CALLE","MENDEZ ALVARO",6,"SPORTIUM APUESTAS DEPORTIVAS","ACTIVIDADES ARTISTICAS, RECREATIVAS Y DE ENTRETENIMIENTO","ACTIVIDADES DE JUEGOS DE AZAR Y APUESTAS","-3.6927134","40.40665140000001",
46,"PASEO","DELICIAS",31,"EL DORADO","ACTIVIDADES ARTISTICAS, RECREATIVAS Y DE ENTRETENIMIENTO","ACTIVIDADES DE JUEGOS DE AZAR Y APUESTAS","-3.6931098","40.4044119",
47,"GLORIETA","EMBAJADORES",4,"DIVIER T T – NEVADA","ACTIVIDADES ARTISTICAS, RECREATIVAS Y DE ENTRETENIMIENTO","ACTIVIDADES DE JUEGOS DE AZAR Y APUESTAS","-3.7019105","40.4047431",
48,"CALLE","EMBAJADORES",55,"SPORTIUM CASINO PARK","ACTIVIDADES ARTISTICAS, RECREATIVAS Y DE ENTRETENIMIENTO","ACTIVIDADES DE JUEGOS DE AZAR Y APUESTAS","-3.7018796","40.4046138",
49,"CALLE","BATALLA DEL SALADO",16,"APUESTAS","ACTIVIDADES ARTISTICAS, RECREATIVAS Y DE ENTRETENIMIENTO","ACTIVIDADES DE JUEGOS DE AZAR Y APUESTAS","-3.6960782","40.4023662",
50,"CALLE","SEBASTIAN ELCANO",3,"PREMIUM SALON DE JUEGOS ELCANO","ACTIVIDADES ARTISTICAS, RECREATIVAS Y DE ENTRETENIMIENTO","ACTIVIDADES DE JUEGOS DE AZAR Y APUESTAS","-3.7012551","40.4042117",
51,"CALLE","TORTOSA",3,"TOKA SPORTIUM","ACTIVIDADES ARTISTICAS, RECREATIVAS Y DE ENTRETENIMIENTO","ACTIVIDADES DE JUEGOS DE AZAR Y APUESTAS","-3.6927134","40.4064128",
52,"PASEO","DELICIAS",49,"STARK – JUEGGING","ACTIVIDADES ARTISTICAS, RECREATIVAS Y DE ENTRETENIMIENTO","ACTIVIDADES DE LOS GIMNASIOS","-3.6935517","40.4026618","notcouncildata"
53,"CALLE","MARTIN DE VARGAS",8,"STARK – JUEGGING",,"LICENCIA DESCONOCIDA","-3.7029204","40.40403190000001","notcouncildata"
54,"CALLE","CARLOS Y GUILLERMO FERNANDEZ SHAW",1,"BINGO BOTE","ACTIVIDADES ARTISTICAS, RECREATIVAS Y DE ENTRETENIMIENTO","ACTIVIDADES DE JUEGOS DE AZAR Y APUESTAS","-3.6691631","40.4060555",
55,"CALLE","DOCTOR ESQUERDO",130,"SAL0N DE JUEGOS - APUESTAS DEPORTIVAS","ACTIVIDADES ARTISTICAS, RECREATIVAS Y DE ENTRETENIMIENTO","ACTIVIDADES DE JUEGOS DE AZAR Y APUESTAS","-3.6704044","40.4071409",
56,"CALLE","DOCTOR ESQUERDO",176,"REVERPLAY","ACTIVIDADES ARTISTICAS, RECREATIVAS Y DE ENTRETENIMIENTO","ACTIVIDADES DE JUEGOS DE AZAR Y APUESTAS","-3.674384","40.4021218",
57,"CALLE","ABTAO",10,"JUEGOS LUKY PLAY","ACTIVIDADES ARTISTICAS, RECREATIVAS Y DE ENTRETENIMIENTO","ACTIVIDADES DE JUEGOS DE AZAR Y APUESTAS","-3.6760306","40.4038015",
58,"CALLE","GENERAL ORAA",32,"REGAMA-SALON DE JUEGOS","ACTIVIDADES ARTISTICAS, RECREATIVAS Y DE ENTRETENIMIENTO","ACTIVIDADES DE JUEGOS DE AZAR Y APUESTAS","-3.6824646","40.4360321",
59,"PLAZA","MANUEL BECERRA",12,"BINGO ROMA","ACTIVIDADES ARTISTICAS, RECREATIVAS Y DE ENTRETENIMIENTO","ACTIVIDADES DE JUEGOS DE AZAR Y APUESTAS","-3.667592199999999","40.428282",
60,"CALLE","ALCALA",160,"ORENES","ACTIVIDADES ARTISTICAS, RECREATIVAS Y DE ENTRETENIMIENTO","ACTIVIDADES DE JUEGOS DE AZAR Y APUESTAS","-3.6669748","40.4287337",
61,"CALLE","DOCTOR ESQUERDO",3,"PEÑA TAURINA EL SIETE","ACTIVIDADES ARTISTICAS, RECREATIVAS Y DE ENTRETENIMIENTO","ACTIVIDADES DE JUEGOS DE AZAR Y APUESTAS","-3.668206799999999","40.4274945",
62,"CALLE","ALCALA",126,"SALONES TREBOL","ACTIVIDADES ARTISTICAS, RECREATIVAS Y DE ENTRETENIMIENTO","ACTIVIDADES DE JUEGOS DE AZAR Y APUESTAS","-3.6716528","40.426464",
63,"CALLE","GOYA",99,"ORENES","ACTIVIDADES ARTISTICAS, RECREATIVAS Y DE ENTRETENIMIENTO","ACTIVIDADES DE JUEGOS DE AZAR Y APUESTAS","-3.6738487","40.4248464",
64,"CALLE","O'DONNELL",21,"BINGO","ACTIVIDADES ARTISTICAS, RECREATIVAS Y DE ENTRETENIMIENTO","ACTIVIDADES DE JUEGOS DE AZAR Y APUESTAS","-3.677901","40.42179410000001",
65,"CALLE","NARVAEZ",25,"SALON DE JUEGO","ACTIVIDADES ARTISTICAS, RECREATIVAS Y DE ENTRETENIMIENTO","ACTIVIDADES DE JUEGOS DE AZAR Y APUESTAS","-3.675764199999999","40.4219594",
66,"CALLE","FRANCISCO SILVELA",54,"SPORTIUM - FUTURA CENTER","ACTIVIDADES ARTISTICAS, RECREATIVAS Y DE ENTRETENIMIENTO","ACTIVIDADES DE JUEGOS DE AZAR Y APUESTAS","-3.6740816","40.4349677",
67,"CALLE","ALCALA",197,"RECREATIVOS ROMA 83","ACTIVIDADES ARTISTICAS, RECREATIVAS Y DE ENTRETENIMIENTO","ACTIVIDADES DE JUEGOS DE AZAR Y APUESTAS","-3.6679121","40.428696",
68,"CALLE","AZCONA",24,"JUTECO","ACTIVIDADES ARTISTICAS, RECREATIVAS Y DE ENTRETENIMIENTO","ACTIVIDADES DE JUEGOS DE AZAR Y APUESTAS","-3.6706029","40.433513",
69,"CALLE","FRANCISCO SILVELA",54,"NEVADA FRANCISCO SILVELA","ACTIVIDADES ARTISTICAS, RECREATIVAS Y DE ENTRETENIMIENTO","ACTIVIDADES DE JUEGOS DE AZAR Y APUESTAS","-3.6740816","40.4349677",
70,"CALLE","MALDONADO",62,"PREMIUM SALON DE JUEGOS","ACTIVIDADES ARTISTICAS, RECREATIVAS Y DE ENTRETENIMIENTO","ACTIVIDADES DE JUEGOS DE AZAR Y APUESTAS","-3.674066399999999","40.4333461",
71,"CALLE","CONDE DE PEÑALVER",70,"SALON DE JUEGO","ACTIVIDADES ARTISTICAS, RECREATIVAS Y DE ENTRETENIMIENTO","ACTIVIDADES DE JUEGOS DE AZAR Y APUESTAS","-3.7037902","40.4167754",
72,"CALLE","DOCTOR ESQUERDO",5,"SALÓN DE JUEGOS 7 X 7",,"SALONES DE RECREO Y DIVERSION Y OTRAS ACTIVIDADES RECREATIVAS","-3.6682707","40.4272424","notcouncildata"
73,"AVENIDA","AMERICA",24,"LAS VEGAS CODERE",,"CAFETERIA","-3.6739973","40.4387175","notcouncildata"
74,"CALLE","LOPEZ DE HOYOS",103,"ROYAL CROWN","ACTIVIDADES ARTISTICAS, RECREATIVAS Y DE ENTRETENIMIENTO","ACTIVIDADES DE JUEGOS DE AZAR Y APUESTAS","-3.6724484","40.4453912",
75,"CALLE","LOPEZ DE HOYOS",117,"LUCKIA APUESTAS","ACTIVIDADES ARTISTICAS, RECREATIVAS Y DE ENTRETENIMIENTO","ACTIVIDADES DE JUEGOS DE AZAR Y APUESTAS","-3.671633","40.4459597",
76,"CALLE","PRINCIPE DE VERGARA",269,"SALONES VERGARA","ACTIVIDADES ARTISTICAS, RECREATIVAS Y DE ENTRETENIMIENTO","ACTIVIDADES DE JUEGOS DE AZAR Y APUESTAS","-3.6771779","40.4575062",
77,"CALLE","POTOSI",8,"SPORTIUM","ACTIVIDADES ARTISTICAS, RECREATIVAS Y DE ENTRETENIMIENTO","ACTIVIDADES DE JUEGOS DE AZAR Y APUESTAS","-3.678541","40.4568238",
78,"CALLE","RAFAEL SALGADO",3,"CODERE","ACTIVIDADES ARTISTICAS, RECREATIVAS Y DE ENTRETENIMIENTO","ACTIVIDADES DE JUEGOS DE AZAR Y APUESTAS","-3.6887693","40.4544488",
79,"CALLE","CARTAGENA",115,"CAJA MADRID","ACTIVIDADES ARTISTICAS, RECREATIVAS Y DE ENTRETENIMIENTO","ACTIVIDADES DE JUEGOS DE AZAR Y APUESTAS","-3.6748448","40.4410668",
80,"CALLE","SAN NAZARIO",2,"CASINO BAR SALON DE JUEGO","ACTIVIDADES ARTISTICAS, RECREATIVAS Y DE ENTRETENIMIENTO","ACTIVIDADES DE JUEGOS DE AZAR Y APUESTAS","-3.6670376","40.4477742",
81,"AVENIDA","AMERICA",7,"CODERE APUESTAS","ACTIVIDADES ARTISTICAS, RECREATIVAS Y DE ENTRETENIMIENTO","ACTIVIDADES DE JUEGOS DE AZAR Y APUESTAS","-3.676993099999999","40.4381765",
82,"CALLE","CLARA DEL REY",27,"EL TREBOL","ACTIVIDADES ARTISTICAS, RECREATIVAS Y DE ENTRETENIMIENTO","ACTIVIDADES DE JUEGOS DE AZAR Y APUESTAS","-3.671808299999999","40.4415529",
83,"CALLE","RAMOS CARRION",11,"SALON NEVADA","ACTIVIDADES ARTISTICAS, RECREATIVAS Y DE ENTRETENIMIENTO","ACTIVIDADES DE JUEGOS DE AZAR Y APUESTAS","-3.6681468","40.4466264",
84,"CALLE","CONSTANCIA",1,"SPORTIUM ORENES","ACTIVIDADES ARTISTICAS, RECREATIVAS Y DE ENTRETENIMIENTO","ACTIVIDADES DE JUEGOS DE AZAR Y APUESTAS","-3.6744854","40.441021",
85,"CALLE","CARTAGENA",142,"PREMIUM SALON DE JUEGOS","ACTIVIDADES ARTISTICAS, RECREATIVAS Y DE ENTRETENIMIENTO","ACTIVIDADES DE JUEGOS DE AZAR Y APUESTAS","-3.6756249","40.4426104",
86,"AVENIDA","ASTURIAS",53,"CODERE","ACTIVIDADES ARTISTICAS, RECREATIVAS Y DE ENTRETENIMIENTO","ACTIVIDADES DE JUEGOS DE AZAR Y APUESTAS","-3.6978581","40.4710154",
87,"CALLE","CEDROS",3,"SPORTIUM","ACTIVIDADES ARTISTICAS, RECREATIVAS Y DE ENTRETENIMIENTO","ACTIVIDADES DE JUEGOS DE AZAR Y APUESTAS","-3.6927233","40.4671715",
88,"CALLE","BRAVO MURILLO",175,"LUCKIA","ACTIVIDADES ARTISTICAS, RECREATIVAS Y DE ENTRETENIMIENTO","ACTIVIDADES DE JUEGOS DE AZAR Y APUESTAS","-3.7032421","40.4531514",
89,"CALLE","BRAVO MURILLO",141,"ORENES SALON MAGIC BRAVO MURILLO","ACTIVIDADES ARTISTICAS, RECREATIVAS Y DE ENTRETENIMIENTO","ACTIVIDADES DE JUEGOS DE AZAR Y APUESTAS","-3.703664599999999","40.4505004",
90,"CALLE","BRAVO MURILLO",125,"SALON DE JUEGOS CASINO PARK CAFETERIA SPORTIUM","ACTIVIDADES ARTISTICAS, RECREATIVAS Y DE ENTRETENIMIENTO","ACTIVIDADES DE JUEGOS DE AZAR Y APUESTAS","-3.7037912","40.4492923",
91,"AVENIDA","REINA VICTORIA",4,"SALON DE JUEGOS","ACTIVIDADES ARTISTICAS, RECREATIVAS Y DE ENTRETENIMIENTO","ACTIVIDADES DE JUEGOS DE AZAR Y APUESTAS","-3.704846","40.4472098",
92,"CALLE","FRANCOS RODRIGUEZ",15,"ADMIRAL","ACTIVIDADES ARTISTICAS, RECREATIVAS Y DE ENTRETENIMIENTO","ACTIVIDADES DE JUEGOS DE AZAR Y APUESTAS","-3.7048374","40.4561908",
93,"CALLE","BRAVO MURILLO",137,"SALON DE JUEGO TREBOL","ACTIVIDADES ARTISTICAS, RECREATIVAS Y DE ENTRETENIMIENTO","ACTIVIDADES DE JUEGOS DE AZAR Y APUESTAS","-3.7036582","40.450329",
94,"CALLE","TOPETE",31,"LAS VEGAS JUEGOS Y APUESTAS","ACTIVIDADES ARTISTICAS, RECREATIVAS Y DE ENTRETENIMIENTO","ACTIVIDADES DE JUEGOS DE AZAR Y APUESTAS","-3.7045664","40.4508922",
95,"CALLE","BRAVO MURILLO",155,"SALON DE JUEGOS NEVADA","ACTIVIDADES ARTISTICAS, RECREATIVAS Y DE ENTRETENIMIENTO","ACTIVIDADES DE JUEGOS DE AZAR Y APUESTAS","-3.703477899999999","40.4517376",
96,"CALLE","VILLAAMIL",76,"LA CAIXA","ACTIVIDADES ARTISTICAS, RECREATIVAS Y DE ENTRETENIMIENTO","ACTIVIDADES DE JUEGOS DE AZAR Y APUESTAS","-3.7080493","40.4615996",
97,"CALLE","LOPE DE HARO",15,"SPORTIUM","ACTIVIDADES ARTISTICAS, RECREATIVAS Y DE ENTRETENIMIENTO","ACTIVIDADES DE JUEGOS DE AZAR Y APUESTAS","-3.7035418","40.4568251",
98,"CALLE","MARQUES DE VIANA",29,"O'CEANS GAME","ACTIVIDADES ARTISTICAS, RECREATIVAS Y DE ENTRETENIMIENTO","ACTIVIDADES DE JUEGOS DE AZAR Y APUESTAS","-3.7007994","40.4617187",
99,"CALLE","FRANCOS RODRIGUEZ",30,"SALON DE JUEGOS","ACTIVIDADES ARTISTICAS, RECREATIVAS Y DE ENTRETENIMIENTO","ACTIVIDADES DE JUEGOS DE AZAR Y APUESTAS","-3.7044569","40.4560444",
100,"CALLE","GENERAL MARGALLO",4,"MACEDONIA'S","ACTIVIDADES ARTISTICAS, RECREATIVAS Y DE ENTRETENIMIENTO","ACTIVIDADES DE JUEGOS DE AZAR Y APUESTAS","-3.6975687","40.4609291",
101,"CALLE","INFANTA MERCEDES",73,"OBRAS: EXTERIORES Y DE ACONDICIONAMIENTO PUNTUAL","ACTIVIDADES ARTISTICAS, RECREATIVAS Y DE ENTRETENIMIENTO","ACTIVIDADES DE JUEGOS DE AZAR Y APUESTAS","-3.6962013","40.4611515",
102,"CALLE","PENSAMIENTO",2,"TREBOL","ACTIVIDADES ARTISTICAS, RECREATIVAS Y DE ENTRETENIMIENTO","ACTIVIDADES DE JUEGOS DE AZAR Y APUESTAS","-3.6990075","40.4596135",
103,"CALLE","BRAVO MURILLO",294,"FOLGADO MUEBLES DECORACION","ACTIVIDADES ARTISTICAS, RECREATIVAS Y DE ENTRETENIMIENTO","ACTIVIDADES DE JUEGOS DE AZAR Y APUESTAS","-3.697447699999999","40.4619702",
104,"CALLE","BRAVO MURILLO",306,"EL DORADO","ACTIVIDADES ARTISTICAS, RECREATIVAS Y DE ENTRETENIMIENTO","ACTIVIDADES DE JUEGOS DE AZAR Y APUESTAS","-3.6965183","40.4631277",
105,"PASEO","CASTELLANA",91,"ORENES SPORT BAR Y CASINO","ACTIVIDADES ARTISTICAS, RECREATIVAS Y DE ENTRETENIMIENTO","ACTIVIDADES DE JUEGOS DE AZAR Y APUESTAS","-3.6915988","40.4505292",
106,"CALLE","ORENSE",23,"SALON DE JUEGOS","ACTIVIDADES ARTISTICAS, RECREATIVAS Y DE ENTRETENIMIENTO","ACTIVIDADES DE JUEGOS DE AZAR Y APUESTAS","-3.6954085","40.45100559999999",
107,"AVENIDA","GENERAL PERON",36,"LUCKIA SPORT CAFE","ACTIVIDADES ARTISTICAS, RECREATIVAS Y DE ENTRETENIMIENTO","ACTIVIDADES DE JUEGOS DE AZAR Y APUESTAS","-3.6935061","40.4520198",
108,"PASEO","CASTELLANA",93,"BINGO CANOE","ACTIVIDADES ARTISTICAS, RECREATIVAS Y DE ENTRETENIMIENTO","ACTIVIDADES DE JUEGOS DE AZAR Y APUESTAS","-3.6916222","40.4507943",
109,"CALLE","BRAVO MURILLO",208,"EMOTIVA","ACTIVIDADES ARTISTICAS, RECREATIVAS Y DE ENTRETENIMIENTO","ACTIVIDADES DE JUEGOS DE AZAR Y APUESTAS","-3.7015766","40.457015",
110,"CALLE","BRAVO MURILLO",174,"SOLOPTICAL","ACTIVIDADES ARTISTICAS, RECREATIVAS Y DE ENTRETENIMIENTO","ACTIVIDADES DE JUEGOS DE AZAR Y APUESTAS","-3.702771","40.453866",
111,"CALLE","CAPITAN BLANCO ARGIBAY",101,"SPORTIUM","ACTIVIDADES ARTISTICAS, RECREATIVAS Y DE ENTRETENIMIENTO","ACTIVIDADES DE JUEGOS DE AZAR Y APUESTAS","-3.7037093","40.4668174",
112,"CALLE","BRAVO MURILLO",345,"SOLPARK","ACTIVIDADES ARTISTICAS, RECREATIVAS Y DE ENTRETENIMIENTO","ACTIVIDADES DE JUEGOS DE AZAR Y APUESTAS","-3.6950692","40.4646587",
113,"CALLE","CAPITAN BLANCO ARGIBAY",24,"CODERE","ACTIVIDADES ARTISTICAS, RECREATIVAS Y DE ENTRETENIMIENTO","ACTIVIDADES DE JUEGOS DE AZAR Y APUESTAS","-3.6976931","40.4652171",
114,"CALLE","BRAVO MURILLO",303,"VICTORIA APUESTAS DEPORTIVOS","ACTIVIDADES ARTISTICAS, RECREATIVAS Y DE ENTRETENIMIENTO","ACTIVIDADES DE JUEGOS DE AZAR Y APUESTAS","-3.697791799999999","40.46217190000001",
115,"CALLE","BRAVO MURILLO",333,"SALON DE JUEGO","ACTIVIDADES ARTISTICAS, RECREATIVAS Y DE ENTRETENIMIENTO","ACTIVIDADES DE JUEGOS DE AZAR Y APUESTAS","-3.6958668","40.464341",
116,"CALLE","BRAVO MURILLO",159,"ARCADIA Y SPORTIUM",,"JUEGOS DE AZAR Y APUESTAS DE GESTION PUBLICA O O AUTORIZACION ESPECIAL (ESTADO Y ONCE)","-3.7034785","40.4520829","notcouncildata"
117,"CALLE","BRAVO MURILLO",228,"ROYAL CROWN",,"JUEGOS DE AZAR Y APUESTAS DE GESTION PUBLICA O O AUTORIZACION ESPECIAL (ESTADO Y ONCE)","-3.7006076","40.45827550000001","notcouncildata"
118,"CALLE","BRAVO MURILLO",301,"SALÓN DE JUEGOS FORTUNA",,"LICENCIA DESCONOCIDA","-3.6977973","40.4622107","notcouncildata"
119,"CALLE","BRAVO MURILLO",311,"SALA VERSALLES",,"LICENCIA DESCONOCIDA","-3.6970999","40.46304689999999","notcouncildata"
120,"AVENIDA","REINA VICTORIA",6,"LUCKIA",,"SALONES DE RECREO Y DIVERSION Y OTRAS ACTIVIDADES RECREATIVAS","-3.704842599999999","40.4472076",
121,"CALLE","PONCE DE LEON",2,"SALON DE JUEGOS","ACTIVIDADES ARTISTICAS, RECREATIVAS Y DE ENTRETENIMIENTO","ACTIVIDADES DE JUEGOS DE AZAR Y APUESTAS","-3.6988133","40.4359693",
122,"CALLE","ARAPILES",4,"SALON DE JUEGOS MADRID 15","ACTIVIDADES ARTISTICAS, RECREATIVAS Y DE ENTRETENIMIENTO","ACTIVIDADES DE JUEGOS DE AZAR Y APUESTAS","-3.7051735","40.4334824",
123,"CALLE","FERNANDO EL CATOLICO",3,"MERKUR","ACTIVIDADES ARTISTICAS, RECREATIVAS Y DE ENTRETENIMIENTO","ACTIVIDADES DE JUEGOS DE AZAR Y APUESTAS","-3.7061872","40.4335856",
124,"CALLE","ARAPILES",11,"SALA DE BINGO-ARAPILES","ACTIVIDADES ARTISTICAS, RECREATIVAS Y DE ENTRETENIMIENTO","ACTIVIDADES DE JUEGOS DE AZAR Y APUESTAS","-3.7059188","40.4329205",
125,"CALLE","DONOSO CORTES",1,"ACTIVIDAD COMERCIAL CONSISTENTE EN LA VENTA AL POR MENOR DE JUEGOS DE","ACTIVIDADES ARTISTICAS, RECREATIVAS Y DE ENTRETENIMIENTO","ACTIVIDADES DE JUEGOS DE AZAR Y APUESTAS","-3.7047271","40.4359841",
126,"PLAZA","CONDE DEL VALLE DE SUCHIL",1,"CODERE APUESTAS","ACTIVIDADES ARTISTICAS, RECREATIVAS Y DE ENTRETENIMIENTO","ACTIVIDADES DE JUEGOS DE AZAR Y APUESTAS","-3.7076336","40.4302481",
127,"CALLE","FERNANDEZ DE LOS RIOS",79,"PERFUMERIA JUTECO","ACTIVIDADES ARTISTICAS, RECREATIVAS Y DE ENTRETENIMIENTO","ACTIVIDADES DE JUEGOS DE AZAR Y APUESTAS","-3.7152289","40.4353234",
128,"CALLE","BLASCO DE GARAY",15,"SALON DE JUEGOS RECREAPARK","ACTIVIDADES ARTISTICAS, RECREATIVAS Y DE ENTRETENIMIENTO","ACTIVIDADES DE JUEGOS DE AZAR Y APUESTAS","-3.711828799999999","40.431552",
129,"CALLE","GUZMAN EL BUENO",13,"SALON ARGUELLES","ACTIVIDADES ARTISTICAS, RECREATIVAS Y DE ENTRETENIMIENTO","ACTIVIDADES DE JUEGOS DE AZAR Y APUESTAS","-3.713743199999999","40.4314829",
130,"CALLE","RODRIGUEZ SAN PEDRO",73,"SALON DE JUEGOS JM","ACTIVIDADES ARTISTICAS, RECREATIVAS Y DE ENTRETENIMIENTO","ACTIVIDADES DE JUEGOS DE AZAR Y APUESTAS","-3.716572","40.4318161",
131,"CALLE","GUZMAN EL BUENO",67,"SALON DE JUEGO TREBOL","ACTIVIDADES ARTISTICAS, RECREATIVAS Y DE ENTRETENIMIENTO","ACTIVIDADES DE JUEGOS DE AZAR Y APUESTAS","-3.7132285","40.4359833",
132,"CALLE","PONZANO",61,"SALON DE JUEGOS PREMIUM","ACTIVIDADES ARTISTICAS, RECREATIVAS Y DE ENTRETENIMIENTO","ACTIVIDADES DE JUEGOS DE AZAR Y APUESTAS","-3.699293","40.441583",
133,"CALLE","FUENCARRAL",112,"LUCKIA","ACTIVIDADES ARTISTICAS, RECREATIVAS Y DE ENTRETENIMIENTO","ACTIVIDADES DE JUEGOS DE AZAR Y APUESTAS","-3.7023596","40.4295312",
134,"GLORIETA","BILBAO",4,"SOLPARK","ACTIVIDADES ARTISTICAS, RECREATIVAS Y DE ENTRETENIMIENTO","ACTIVIDADES DE JUEGOS DE AZAR Y APUESTAS","-3.701988399999999","40.4294145",
135,"CALLE","JERONIMO DE LA QUINTANA",11,"SALON DE JUEGO NEVADA","ACTIVIDADES ARTISTICAS, RECREATIVAS Y DE ENTRETENIMIENTO","ACTIVIDADES DE JUEGOS DE AZAR Y APUESTAS","-3.7046841","40.4313158",
136,"CALLE","ELOY GONZALO",27,"ARCADIA SAL0N DE JUEGOS","ACTIVIDADES ARTISTICAS, RECREATIVAS Y DE ENTRETENIMIENTO","ACTIVIDADES DE JUEGOS DE AZAR Y APUESTAS","-3.7005151","40.434714",
137,"AVENIDA","REINA VICTORIA",5,"SALON NEVADA CUATRO CAMINOS","ACTIVIDADES ARTISTICAS, RECREATIVAS Y DE ENTRETENIMIENTO","ACTIVIDADES DE JUEGOS DE AZAR Y APUESTAS","-3.7046841","40.4464974",
138,"CALLE","BRAVO MURILLO",95,"NO SOLICITADO","ACTIVIDADES ARTISTICAS, RECREATIVAS Y DE ENTRETENIMIENTO","ACTIVIDADES DE JUEGOS DE AZAR Y APUESTAS","-3.7042083","40.4461152",
139,"GLORIETA","CUATRO CAMINOS",1,"OASIS","ACTIVIDADES ARTISTICAS, RECREATIVAS Y DE ENTRETENIMIENTO","ACTIVIDADES DE JUEGOS DE AZAR Y APUESTAS","-3.7043669","40.446587",
140,"CALLE","ARAPILES",5,"SALON DE JUEGO NEVADA",,"SALONES DE RECREO Y DIVERSION Y OTRAS ACTIVIDADES RECREATIVAS","-3.7050788","40.4332146","notcouncildata"
141,"CALLE","SANTA ENGRACIA",73,"LAS VEGAS",,"JUEGOS DE AZAR Y APUESTAS DE GESTION PUBLICA O O AUTORIZACION ESPECIAL (ESTADO Y ONCE)","-3.6990847","40.4352653","notcouncildata"
142,"AVENIDA","MONFORTE DE LEMOS",131,"JUEGOS","ACTIVIDADES ARTISTICAS, RECREATIVAS Y DE ENTRETENIMIENTO","ACTIVIDADES DE JUEGOS DE AZAR Y APUESTAS","-3.7114917","40.4776428",
143,"CALLE","PONFERRADA",9,"TIENDA OFICIAL CODERE","ACTIVIDADES ARTISTICAS, RECREATIVAS Y DE ENTRETENIMIENTO","ACTIVIDADES DE JUEGOS DE AZAR Y APUESTAS","-3.7135326","40.4749457",
144,"CALLE","SARRIA",52,"JUTECO","ACTIVIDADES ARTISTICAS, RECREATIVAS Y DE ENTRETENIMIENTO","ACTIVIDADES DE JUEGOS DE AZAR Y APUESTAS","-3.71414","40.47575",
145,"AVENIDA","MONFORTE DE LEMOS",119,"JUEGOS MADRID","ACTIVIDADES ARTISTICAS, RECREATIVAS Y DE ENTRETENIMIENTO","ACTIVIDADES DE JUEGOS DE AZAR Y APUESTAS","-3.70921","40.47813",
146,"AVENIDA","MONFORTE DE LEMOS",157,"BINGO SALA MONFORTE","ACTIVIDADES ARTISTICAS, RECREATIVAS Y DE ENTRETENIMIENTO","ACTIVIDADES DE JUEGOS DE AZAR Y APUESTAS","-3.71405","40.47665",
147,"CALLE","GINZO DE LIMIA",39,"SALON DE JUEGO NEVADA","ACTIVIDADES ARTISTICAS, RECREATIVAS Y DE ENTRETENIMIENTO","ACTIVIDADES DE JUEGOS DE AZAR Y APUESTAS","-3.7044298","40.4788499",
148,"CALLE","FERMIN CABALLERO",7,"LUCKIA APUESTAS","ACTIVIDADES ARTISTICAS, RECREATIVAS Y DE ENTRETENIMIENTO","ACTIVIDADES DE JUEGOS DE AZAR Y APUESTAS","-3.6998345","40.4867025",
149,"CALLE","FERMIN CABALLERO",76,"LA CAIXA","ACTIVIDADES ARTISTICAS, RECREATIVAS Y DE ENTRETENIMIENTO","ACTIVIDADES DE JUEGOS DE AZAR Y APUESTAS","-3.7147741","40.4816182",
150,"CALLE","ISLA DE ONS",20,"SIN DEFINIR","ACTIVIDADES ARTISTICAS, RECREATIVAS Y DE ENTRETENIMIENTO","ACTIVIDADES DE JUEGOS DE AZAR Y APUESTAS","-3.7219372","40.4800928",
151,"CALLE","ISLA PARAGUA",16,"SAL0N DE JUEGO Y RECREATIVO","ACTIVIDADES ARTISTICAS, RECREATIVAS Y DE ENTRETENIMIENTO","ACTIVIDADES DE JUEGOS DE AZAR Y APUESTAS","-3.686792899999999","40.4931527",
152,"AVENIDA ","MONFORTE DE LEMOS",36,"GOLDEN PARK APUESTAS DEPORTIVAS (PLANTA ALTA CC LA VAGUADA)",,"LICENCIA DESCONOCIDA","-3.707023","40.4798322","notcouncildata"
153,"AVENIDA ","MONFORTE DE LEMOS",36,"GOLDEN PARK APUESTAS DEPORTIVAS (PLANTA BAJA CC LA VAGUADA)",,"LICENCIA DESCONOCIDA","-3.707023","40.4798322","notcouncildata"
154,"AVENIDA","GALAXIA",8,"BAR KUKO'S","ACTIVIDADES ARTISTICAS, RECREATIVAS Y DE ENTRETENIMIENTO","ACTIVIDADES DE JUEGOS DE AZAR Y APUESTAS","-3.7855078","40.4583713",
155,"AVENIDA","OSA MAYOR",34,"AZAR CASINOS","ACTIVIDADES ARTISTICAS, RECREATIVAS Y DE ENTRETENIMIENTO","ACTIVIDADES DE JUEGOS DE AZAR Y APUESTAS","-3.7793945","40.4595502",
156,"CALLE","MARQUES DE URQUIJO",12,"SALON DE JUEGO","ACTIVIDADES ARTISTICAS, RECREATIVAS Y DE ENTRETENIMIENTO","ACTIVIDADES DE JUEGOS DE AZAR Y APUESTAS","-3.7176793","40.4303475",
157,"CALLE","PRINCESA",5,"SENTE","ACTIVIDADES ARTISTICAS, RECREATIVAS Y DE ENTRETENIMIENTO","ACTIVIDADES DE JUEGOS DE AZAR Y APUESTAS","-3.7129334","40.4248954",
158,"PASEO","FLORIDA",2,"QUEENS",,"LICENCIA DESCONOCIDA","-3.720290799999999","40.42194569999999","notcouncildata"
159,"CALLE","PRINCESA",31,"BINGO ",,"LOCAL SIN ACTIVIDAD","-3.7147543","40.4280521","notcouncildata"
160,"CALLE","VALMOJADO",231,"CODERE","ACTIVIDADES ARTISTICAS, RECREATIVAS Y DE ENTRETENIMIENTO","ACTIVIDADES DE JUEGOS DE AZAR Y APUESTAS","-3.7584679","40.3889484",
161,"CALLE","TEMBLEQUE",144,"LAS VEGAS JUEGOS Y APUESTAS, S.L.","ACTIVIDADES ARTISTICAS, RECREATIVAS Y DE ENTRETENIMIENTO","ACTIVIDADES DE JUEGOS DE AZAR Y APUESTAS","-3.7655616","40.3915031",
162,"CALLE","QUERO",59,"ROTULO NO INFORMADO","ACTIVIDADES ARTISTICAS, RECREATIVAS Y DE ENTRETENIMIENTO","ACTIVIDADES DE JUEGOS DE AZAR Y APUESTAS","-3.76036","40.3903718",
163,"CALLE","ESCALONA",88,"LAS VEGAS JUEGOS CODERE APUESTAS","ACTIVIDADES ARTISTICAS, RECREATIVAS Y DE ENTRETENIMIENTO","ACTIVIDADES DE JUEGOS DE AZAR Y APUESTAS","-3.7666469","40.3953662",
164,"CALLE","OCAÑA",63,"SALON DE JUEGOS","ACTIVIDADES ARTISTICAS, RECREATIVAS Y DE ENTRETENIMIENTO","ACTIVIDADES DE JUEGOS DE AZAR Y APUESTAS","-3.7392024","40.3888934",
165,"CALLE","SESEÑA",50,"SALA ALUCHE BINGO","ACTIVIDADES ARTISTICAS, RECREATIVAS Y DE ENTRETENIMIENTO","ACTIVIDADES DE JUEGOS DE AZAR Y APUESTAS","-3.7037902","40.4167754",
166,"CALLE","ILLESCAS",18,"SPORTIUM SALA DE JUEGOS","ACTIVIDADES ARTISTICAS, RECREATIVAS Y DE ENTRETENIMIENTO","ACTIVIDADES DE JUEGOS DE AZAR Y APUESTAS","-3.764952199999999","40.3960681",
167,"CALLE","OCAÑA",1,"SALON DE JUEGOS","ACTIVIDADES ARTISTICAS, RECREATIVAS Y DE ENTRETENIMIENTO","ACTIVIDADES DE JUEGOS DE AZAR Y APUESTAS","-3.732388799999999","40.3887946",
168,"CALLE","VIA CARPETANA",324,"(POR DETERMINAR)","ACTIVIDADES ARTISTICAS, RECREATIVAS Y DE ENTRETENIMIENTO","ACTIVIDADES DE JUEGOS DE AZAR Y APUESTAS","-3.7426929","40.3917355",
169,"CALLE","MAQUEDA",34,"APUESTAS DEPORTIVAS","ACTIVIDADES ARTISTICAS, RECREATIVAS Y DE ENTRETENIMIENTO","ACTIVIDADES DE JUEGOS DE AZAR Y APUESTAS","-3.7648805","40.3932735",
170,"CALLE","ILLESCAS",46,"LAS VEGAS JUEGOS Y APUESTOS SL","ACTIVIDADES ARTISTICAS, RECREATIVAS Y DE ENTRETENIMIENTO","ACTIVIDADES DE JUEGOS DE AZAR Y APUESTAS","-3.7619208","40.3930149",
171,"CALLE","CAMARENA",119,"SPORTIUM APUESTAS DEPORTIVAS SA","ACTIVIDADES ARTISTICAS, RECREATIVAS Y DE ENTRETENIMIENTO","ACTIVIDADES DE JUEGOS DE AZAR Y APUESTAS","-3.7554043","40.390666",
172,"CALLE","VIA CARPETANA",340,"R0TULO NO INFORMADO","ACTIVIDADES ARTISTICAS, RECREATIVAS Y DE ENTRETENIMIENTO","ACTIVIDADES DE JUEGOS DE AZAR Y APUESTAS","-3.74339","40.3909477",
173,"CALLE","GALICIA",14,"CODERE APUESTAS","ACTIVIDADES ARTISTICAS, RECREATIVAS Y DE ENTRETENIMIENTO","ACTIVIDADES DE JUEGOS DE AZAR Y APUESTAS","-3.7714967","40.3978988",
174,"CALLE","JOSE DE CADALSO",74,"SPORTIUM","ACTIVIDADES ARTISTICAS, RECREATIVAS Y DE ENTRETENIMIENTO","ACTIVIDADES DE JUEGOS DE AZAR Y APUESTAS","-3.7692615","40.3782662",
175,"CALLE","OLIVA DE PLASENCIA",1,"AZAR CASINOS (LOCAL 438 Y 439) (L-340)","ACTIVIDADES ARTISTICAS, RECREATIVAS Y DE ENTRETENIMIENTO","ACTIVIDADES DE JUEGOS DE AZAR Y APUESTAS","-3.7795633","40.3785008",
176,"GLORIETA","LOS CARMENES",1,"POR DETERMINAR","ACTIVIDADES ARTISTICAS, RECREATIVAS Y DE ENTRETENIMIENTO","ACTIVIDADES DE JUEGOS DE AZAR Y APUESTAS","-3.7430726","40.3952533",
177,"PASEO","ERMITA DEL SANTO",48,"BAR SPORTIUM","ACTIVIDADES ARTISTICAS, RECREATIVAS Y DE ENTRETENIMIENTO","ACTIVIDADES DE JUEGOS DE AZAR Y APUESTAS","-3.724651","40.4068435",
178,"AVENIDA","PORTUGAL",131,"BINGO MADRID","ACTIVIDADES ARTISTICAS, RECREATIVAS Y DE ENTRETENIMIENTO","ACTIVIDADES DE JUEGOS DE AZAR Y APUESTAS","-3.7363287","40.4116952",
179,"CALLE","HUERTA DE CASTAÑEDA",34,"ORENES","ACTIVIDADES ARTISTICAS, RECREATIVAS Y DE ENTRETENIMIENTO","ACTIVIDADES DE JUEGOS DE AZAR Y APUESTAS","-3.7037902","40.4167754",
180,"PASEO","EXTREMADURA",100,"MERCA100","ACTIVIDADES ARTISTICAS, RECREATIVAS Y DE ENTRETENIMIENTO","ACTIVIDADES DE JUEGOS DE AZAR Y APUESTAS","-3.7330396","40.4121367",
181,"PASEO","EXTREMADURA",105,"CAIXA TARRAGONA","ACTIVIDADES ARTISTICAS, RECREATIVAS Y DE ENTRETENIMIENTO","ACTIVIDADES DE JUEGOS DE AZAR Y APUESTAS","-3.7343255","40.4112628",
182,"PASEO","EXTREMADURA",160,"PREMIUM","ACTIVIDADES ARTISTICAS, RECREATIVAS Y DE ENTRETENIMIENTO","ACTIVIDADES DE JUEGOS DE AZAR Y APUESTAS","-3.7395495","40.4097298",
183,"PASEO","EXTREMADURA",3,"ZAPATOS PISOTONES","ACTIVIDADES ARTISTICAS, RECREATIVAS Y DE ENTRETENIMIENTO","ACTIVIDADES DE JUEGOS DE AZAR Y APUESTAS","-3.7253724","40.4138686",
184,"CALLE","HUERTA DE CASTAÑEDA",25,"APUESTAS DEPORTIVAS","ACTIVIDADES ARTISTICAS, RECREATIVAS Y DE ENTRETENIMIENTO","ACTIVIDADES DE JUEGOS DE AZAR Y APUESTAS","-3.7037902","40.4167754",
185,"CALLE","GUADARRAMA",26,"RIMAY CIBER",,"LOCUTORIOS","-3.7309086","40.4106656","notcouncildata"
186,"PASEO","EXTREMADURA",34,"SALON DE JUEGOS",,"SALONES DE RECREO Y DIVERSION Y OTRAS ACTIVIDADES RECREATIVAS","-3.7290164","40.4136377","notcouncildata"
187,"CALLE","CAMINO VIEJO DE LEGANES",147,"SALON TREBOL","ACTIVIDADES ARTISTICAS, RECREATIVAS Y DE ENTRETENIMIENTO","ACTIVIDADES DE JUEGOS DE AZAR Y APUESTAS","-3.7291891","40.38345",
188,"AVENIDA","ABRANTES",97,"LAS VEGAS JUEGOS Y APUESTAS","ACTIVIDADES ARTISTICAS, RECREATIVAS Y DE ENTRETENIMIENTO","ACTIVIDADES DE JUEGOS DE AZAR Y APUESTAS","-3.7289944","40.3797863",
189,"CALLE","FRANCISCO DE ICAZA",12,"SIN ACTIVIDAD","ACTIVIDADES ARTISTICAS, RECREATIVAS Y DE ENTRETENIMIENTO","ACTIVIDADES DE JUEGOS DE AZAR Y APUESTAS","-3.7279992","40.3852386",
190,"AVENIDA","CARABANCHEL ALTO",62,"ARCHICOPY","ACTIVIDADES ARTISTICAS, RECREATIVAS Y DE ENTRETENIMIENTO","ACTIVIDADES DE JUEGOS DE AZAR Y APUESTAS","-3.753296","40.3700456",
191,"CALLE","EUGENIA DE MONTIJO",110,"SAL0N DE JUEGO","ACTIVIDADES ARTISTICAS, RECREATIVAS Y DE ENTRETENIMIENTO","ACTIVIDADES DE JUEGOS DE AZAR Y APUESTAS","-3.7511664","40.3746255",
192,"CALLE","CALDERILLA",1,"QUEENS (LOC 134 Y 204E)","ACTIVIDADES ARTISTICAS, RECREATIVAS Y DE ENTRETENIMIENTO","ACTIVIDADES DE JUEGOS DE AZAR Y APUESTAS","-3.737479099999999","40.3637278",
193,"RONDA","DON BOSCO",10,"POR DETERMINAR","ACTIVIDADES ARTISTICAS, RECREATIVAS Y DE ENTRETENIMIENTO","ACTIVIDADES DE JUEGOS DE AZAR Y APUESTAS","-3.75253","40.37566",
194,"AVENIDA","PESETA",92,"CODERE APUESTAS","ACTIVIDADES ARTISTICAS, RECREATIVAS Y DE ENTRETENIMIENTO","ACTIVIDADES DE JUEGOS DE AZAR Y APUESTAS","-3.750184299999999","40.3619358",
195,"CALLE","ANTONIO LOPEZ",57,"SALON DE JUEGOS TREBOL","ACTIVIDADES ARTISTICAS, RECREATIVAS Y DE ENTRETENIMIENTO","ACTIVIDADES DE JUEGOS DE AZAR Y APUESTAS","-3.709107399999999","40.3947875",
196,"CALLE","ANTONIO LOPEZ",49,"PSORTIUM","ACTIVIDADES ARTISTICAS, RECREATIVAS Y DE ENTRETENIMIENTO","ACTIVIDADES DE JUEGOS DE AZAR Y APUESTAS","-3.710207099999999","40.3953329",
197,"CALLE","BENITO PRIETO",12,"LUCKIA APUESTAS","ACTIVIDADES ARTISTICAS, RECREATIVAS Y DE ENTRETENIMIENTO","ACTIVIDADES DE JUEGOS DE AZAR Y APUESTAS","-3.7225862","40.3866673",
198,"CALLE","GENERAL RICARDOS",71,"JUGUETES","ACTIVIDADES ARTISTICAS, RECREATIVAS Y DE ENTRETENIMIENTO","ACTIVIDADES DE JUEGOS DE AZAR Y APUESTAS","-3.7221893","40.3939571",
199,"CALLE","GENERAL RICARDOS",139,"SALON DE JUEGOS 22","ACTIVIDADES ARTISTICAS, RECREATIVAS Y DE ENTRETENIMIENTO","ACTIVIDADES DE JUEGOS DE AZAR Y APUESTAS","-3.7294724","40.3898506",
200,"CALLE","GENERAL RICARDOS",153,"SALON MAGIC OPORTO ORENES""""","ACTIVIDADES ARTISTICAS, RECREATIVAS Y DE ENTRETENIMIENTO","ACTIVIDADES DE JUEGOS DE AZAR Y APUESTAS","-3.7309583","40.3888721",
201,"GLORIETA","VALLE DE ORO",2,"SALONVDECJUEGOS MADRID 19","ACTIVIDADES ARTISTICAS, RECREATIVAS Y DE ENTRETENIMIENTO","ACTIVIDADES DE JUEGOS DE AZAR Y APUESTAS","-3.7309063","40.388642",
202,"CALLE","GENERAL RICARDOS",83,"CODERE","ACTIVIDADES ARTISTICAS, RECREATIVAS Y DE ENTRETENIMIENTO","ACTIVIDADES DE JUEGOS DE AZAR Y APUESTAS","-3.722784099999999","40.3935402",
203,"CALLE","GENERAL RICARDOS",171,"PLAY ORENES","ACTIVIDADES ARTISTICAS, RECREATIVAS Y DE ENTRETENIMIENTO","ACTIVIDADES DE JUEGOS DE AZAR Y APUESTAS","-3.7340479","40.386814",
204,"CALLE","CAMINO VIEJO DE LEGANES",166,"CODERE","ACTIVIDADES ARTISTICAS, RECREATIVAS Y DE ENTRETENIMIENTO","ACTIVIDADES DE JUEGOS DE AZAR Y APUESTAS","-3.7319655","40.380417",
205,"CALLE","GENERAL RICARDOS",157,"MADRID JUEGOS","ACTIVIDADES ARTISTICAS, RECREATIVAS Y DE ENTRETENIMIENTO","ACTIVIDADES DE JUEGOS DE AZAR Y APUESTAS","-3.7322657","40.3880394",
206,"CALLE","FRAGATA",24,"CODERE","ACTIVIDADES ARTISTICAS, RECREATIVAS Y DE ENTRETENIMIENTO","ACTIVIDADES DE JUEGOS DE AZAR Y APUESTAS","-3.735694","40.3940596",
207,"CALLE","VIA CARPETANA",137,"CODERE APUESTAS","ACTIVIDADES ARTISTICAS, RECREATIVAS Y DE ENTRETENIMIENTO","ACTIVIDADES DE JUEGOS DE AZAR Y APUESTAS","-3.7401581","40.3933259",
208,"CALLE","GENERAL RICARDOS",40,"SPORTIUM APUESTAS DEPORTIVAS","ACTIVIDADES ARTISTICAS, RECREATIVAS Y DE ENTRETENIMIENTO","ACTIVIDADES DE JUEGOS DE AZAR Y APUESTAS","-3.720147","40.3955936",
209,"CALLE","OCA",22,"MUESTRA CORPORATIVA","ACTIVIDADES ARTISTICAS, RECREATIVAS Y DE ENTRETENIMIENTO","ACTIVIDADES DE JUEGOS DE AZAR Y APUESTAS","-3.7336902","40.3894939",
210,"CALLE","GENERAL RICARDOS",122,"SAL0N DE JUEGO GOLDEN APUESTAS","ACTIVIDADES ARTISTICAS, RECREATIVAS Y DE ENTRETENIMIENTO","ACTIVIDADES DE JUEGOS DE AZAR Y APUESTAS","-3.7265207","40.3920392",
211,"CALLE","LUISA MUÑOZ",2,"BANCA CIVICA","ACTIVIDADES ARTISTICAS, RECREATIVAS Y DE ENTRETENIMIENTO","ACTIVIDADES DE JUEGOS DE AZAR Y APUESTAS","-3.7148763","40.4259598",
212,"AVENIDA","NUESTRA SEÑORA DE VALVANERA",114,"ROTULO NO INFORMADO","ACTIVIDADES ARTISTICAS, RECREATIVAS Y DE ENTRETENIMIENTO","ACTIVIDADES DE JUEGOS DE AZAR Y APUESTAS","-3.739759399999999","40.39232459999999",
213,"PASEO","MARCELINO CAMACHO",60,"SAL0N DE JUEGOS","ACTIVIDADES ARTISTICAS, RECREATIVAS Y DE ENTRETENIMIENTO","ACTIVIDADES DE JUEGOS DE AZAR Y APUESTAS","-3.7439652","40.3874886",
214,"CALLE","GENERAL RICARDOS",176,"BINGO SALA DE JUEGO","ACTIVIDADES ARTISTICAS, RECREATIVAS Y DE ENTRETENIMIENTO","ACTIVIDADES DE JUEGOS DE AZAR Y APUESTAS","-3.7340875","40.3872503",
215,"CALLE","OCA",70,"CAIXA CATALUÑA","ACTIVIDADES ARTISTICAS, RECREATIVAS Y DE ENTRETENIMIENTO","ACTIVIDADES DE JUEGOS DE AZAR Y APUESTAS","-3.7394954","40.389059",
216,"CALLE","BERNARDINA ARANGUREN",16,"SOLPARK SALON DE JUEGOS","ACTIVIDADES ARTISTICAS, RECREATIVAS Y DE ENTRETENIMIENTO","ACTIVIDADES DE JUEGOS DE AZAR Y APUESTAS","-3.7413912","40.3887771",
217,"CALLE","DOCTOR URQUIOLA",5,"MERKUR SALON DE JUEGO","ACTIVIDADES ARTISTICAS, RECREATIVAS Y DE ENTRETENIMIENTO","ACTIVIDADES DE JUEGOS DE AZAR Y APUESTAS","-3.7424238","40.3875638",
218,"CALLE","VIA CARPETANA",173,"EMOTIVA","ACTIVIDADES ARTISTICAS, RECREATIVAS Y DE ENTRETENIMIENTO","ACTIVIDADES DE JUEGOS DE AZAR Y APUESTAS","-3.7432511","40.39049480000001",
219,"CALLE","ABOLENGO",20,"SALON DE JUEGOS MIAMI","ACTIVIDADES ARTISTICAS, RECREATIVAS Y DE ENTRETENIMIENTO","ACTIVIDADES DE JUEGOS DE AZAR Y APUESTAS","-3.7377567","40.3891407",
220,"CALLE","OCA",61,"ORANGE","ACTIVIDADES ARTISTICAS, RECREATIVAS Y DE ENTRETENIMIENTO","ACTIVIDADES DE JUEGOS DE AZAR Y APUESTAS","-3.7390197","40.3889282",
221,"CALLE","LAGUNA",20,"SALON DE JUEGOS","ACTIVIDADES ARTISTICAS, RECREATIVAS Y DE ENTRETENIMIENTO","ACTIVIDADES DE JUEGOS DE AZAR Y APUESTAS","-3.742291","40.39131580000001",
222,"CALLE","LAGUNA",28,"(POR DETERMINAR)","ACTIVIDADES ARTISTICAS, RECREATIVAS Y DE ENTRETENIMIENTO","ACTIVIDADES DE JUEGOS DE AZAR Y APUESTAS","-3.742358499999999","40.3907423",
223,"PASEO","MARCELINO CAMACHO",24,"SALON DE JUEGOS Y APUESTAS DEPORTIVAS","ACTIVIDADES ARTISTICAS, RECREATIVAS Y DE ENTRETENIMIENTO","ACTIVIDADES DE JUEGOS DE AZAR Y APUESTAS","-3.7414064","40.3865569",
224,"CALLE","GUABAIRO",19,"SAL0N DE JUEGOS","ACTIVIDADES ARTISTICAS, RECREATIVAS Y DE ENTRETENIMIENTO","ACTIVIDADES DE JUEGOS DE AZAR Y APUESTAS","-3.7456757","40.3857193",
225,"CALLE","MATILDE HERNANDEZ",101,"SALON DE JUEGOS Y APUESTAS","ACTIVIDADES ARTISTICAS, RECREATIVAS Y DE ENTRETENIMIENTO","ACTIVIDADES DE JUEGOS DE AZAR Y APUESTAS","-3.7377711","40.3860938",
226,"AVENIDA","NUESTRA SEÑORA DE FATIMA",96,"CARABANCHEL SPORT BAR","ACTIVIDADES ARTISTICAS, RECREATIVAS Y DE ENTRETENIMIENTO","ACTIVIDADES DE JUEGOS DE AZAR Y APUESTAS","-3.7476555","40.38281629999999",
227,"CALLE","RAMON SAINZ",38,"EL DORADO","ACTIVIDADES ARTISTICAS, RECREATIVAS Y DE ENTRETENIMIENTO","ACTIVIDADES DE JUEGOS DE AZAR Y APUESTAS","-3.7394209","40.3887192",
228,"CALLE","CASTROJERIZ",9,"SALON DE JUEGO VISTA ALEGRE","ACTIVIDADES ARTISTICAS, RECREATIVAS Y DE ENTRETENIMIENTO","ACTIVIDADES DE JUEGOS DE AZAR Y APUESTAS","-3.7403154","40.385896",
229,"CALLE","OCA",45,"ROYAL CROWN",,"LICENCIA DESCONOCIDA","-3.7377567","40.3891407","notcouncildata"
230,"AVENIDA","OPORTO",91,"SALONES NEVADA",,"JUEGOS DE AZAR Y APUESTAS DE GESTION PUBLICA O O AUTORIZACION ESPECIAL (ESTADO Y ONCE)","-3.7317279","40.3878742","notcouncildata"
231,"CALLE","GENERAL RICARDOS",101,"APUESTAS SPORTS",,"LICENCIA DESCONOCIDA","-3.7247472","40.3926618","notcouncildata"
232,"CALLE","VIA CARPETANA",119,"SALON DE JUEGOS",,"LICENCIA DESCONOCIDA","-3.7400891","40.3933818","notcouncildata"
233,"CALLE","SAN SINESIO",34,"SALON DE JUEGOS",,"LICENCIA DESCONOCIDA","-3.7427476","40.3877086","notcouncildata"
234,"CALLE","CAMINO VIEJO DE LEGANES",141,"ORENES SPORT",,"JUEGOS DE AZAR Y APUESTAS DE GESTION PUBLICA O O AUTORIZACION ESPECIAL (ESTADO Y ONCE)","-3.728814","40.3840464","notcouncildata"
235,"CALLE","CASUARIO",2,"PODIUM EXPERIENCE",,"LICENCIA DESCONOCIDA","-3.7414406","40.3867301","notcouncildata"
236,"CALLE","FERROVIARIOS",42,"CASINO STAR","ACTIVIDADES ARTISTICAS, RECREATIVAS Y DE ENTRETENIMIENTO","ACTIVIDADES DE JUEGOS DE AZAR Y APUESTAS","-3.7050711","40.3850142",
237,"CALLE","MARCELO USERA",61,"C&A","ACTIVIDADES ARTISTICAS, RECREATIVAS Y DE ENTRETENIMIENTO","ACTIVIDADES DE JUEGOS DE AZAR Y APUESTAS","-3.704774","40.3858834",
238,"CALLE","MARCELO USERA",55,"MODA FELIZ","ACTIVIDADES ARTISTICAS, RECREATIVAS Y DE ENTRETENIMIENTO","ACTIVIDADES DE JUEGOS DE AZAR Y APUESTAS","-3.7041802","40.3859191",
239,"CALLE","MARCELO USERA",3,"CODERE","ACTIVIDADES ARTISTICAS, RECREATIVAS Y DE ENTRETENIMIENTO","ACTIVIDADES DE JUEGOS DE AZAR Y APUESTAS","-3.7001696","40.3875952",
240,"CALLE","JULIO MERINO",3,"CODERE APUESTAS","ACTIVIDADES ARTISTICAS, RECREATIVAS Y DE ENTRETENIMIENTO","ACTIVIDADES DE JUEGOS DE AZAR Y APUESTAS","-3.7027785","40.3830707",
241,"CALLE","MARCELO USERA",57,"SALON DE JUEGO Y APUESTAS GOLDEN","ACTIVIDADES ARTISTICAS, RECREATIVAS Y DE ENTRETENIMIENTO","ACTIVIDADES DE JUEGOS DE AZAR Y APUESTAS","-3.704347099999999","40.3858575",
242,"CALLE","PILARICA",18,"CAIXA PENEDES","ACTIVIDADES ARTISTICAS, RECREATIVAS Y DE ENTRETENIMIENTO","ACTIVIDADES DE JUEGOS DE AZAR Y APUESTAS","-3.7034353","40.3859662",
243,"CALLE","MARCELO USERA",2,"SALA DE JUEGOS LICEO","ACTIVIDADES ARTISTICAS, RECREATIVAS Y DE ENTRETENIMIENTO","ACTIVIDADES DE JUEGOS DE AZAR Y APUESTAS","-3.6999846","40.3881797",
244,"CALLE","MARCELO USERA",100,"NO SE ESPECIFICA","ACTIVIDADES ARTISTICAS, RECREATIVAS Y DE ENTRETENIMIENTO","ACTIVIDADES DE JUEGOS DE AZAR Y APUESTAS","-3.7080736","40.3856986",
245,"CALLE","MARCELO USERA",16,"ORENES","ACTIVIDADES ARTISTICAS, RECREATIVAS Y DE ENTRETENIMIENTO","ACTIVIDADES DE JUEGOS DE AZAR Y APUESTAS","-3.7007398","40.3874843",
246,"CALLE","GABINO JIMENO",5,"ORENES","ACTIVIDADES ARTISTICAS, RECREATIVAS Y DE ENTRETENIMIENTO","ACTIVIDADES DE JUEGOS DE AZAR Y APUESTAS","-3.7069041","40.386631",
247,"CALLE","AMPARO USERA",39,"ORENES","ACTIVIDADES ARTISTICAS, RECREATIVAS Y DE ENTRETENIMIENTO","ACTIVIDADES DE JUEGOS DE AZAR Y APUESTAS","-3.7055613","40.3870685",
248,"CALLE","MARCELO USERA",48,"GOLDEN USERA, S.L.","ACTIVIDADES ARTISTICAS, RECREATIVAS Y DE ENTRETENIMIENTO","ACTIVIDADES DE JUEGOS DE AZAR Y APUESTAS","-3.7031578","40.3862535",
249,"CALLE","MARCELO USERA",74,"SAL0N DE JUEGO GOLDEN","ACTIVIDADES ARTISTICAS, RECREATIVAS Y DE ENTRETENIMIENTO","ACTIVIDADES DE JUEGOS DE AZAR Y APUESTAS","-3.7055053","40.3859637",
250,"CALLE","EUGENIO CAXES",14,"POR DETERMINAR","ACTIVIDADES ARTISTICAS, RECREATIVAS Y DE ENTRETENIMIENTO","ACTIVIDADES DE JUEGOS DE AZAR Y APUESTAS","-3.702968899999999","40.3917597",
251,"CALLE","GRAN AVENIDA",24,"JUEGGING ORCASITAS","ACTIVIDADES ARTISTICAS, RECREATIVAS Y DE ENTRETENIMIENTO","ACTIVIDADES DE JUEGOS DE AZAR Y APUESTAS","-3.7055219","40.3692674",
252,"CALLE","GRAN AVENIDA",35,"SPORTIUM","ACTIVIDADES ARTISTICAS, RECREATIVAS Y DE ENTRETENIMIENTO","ACTIVIDADES DE JUEGOS DE AZAR Y APUESTAS","-3.7058783","40.37005509999999",
253,"CALLE","CRISTO DE LA VICTORIA",185,"APUESTAS DEPORTIVAS","ACTIVIDADES ARTISTICAS, RECREATIVAS Y DE ENTRETENIMIENTO","ACTIVIDADES DE JUEGOS DE AZAR Y APUESTAS","-3.7056839","40.3790546",
254,"CALLE","ISABELITA USERA",42,"TOKA","ACTIVIDADES ARTISTICAS, RECREATIVAS Y DE ENTRETENIMIENTO","ACTIVIDADES DE JUEGOS DE AZAR Y APUESTAS","-3.7077773","40.3828505",
255,"CALLE","FELIPE CASTRO",27,"DESCONOCIDO","ACTIVIDADES ARTISTICAS, RECREATIVAS Y DE ENTRETENIMIENTO","ACTIVIDADES DE JUEGOS DE AZAR Y APUESTAS","-3.7089742","40.3841956",
256,"CALLE","MARCELO USERA",121,"POR DETERMINAR","ACTIVIDADES ARTISTICAS, RECREATIVAS Y DE ENTRETENIMIENTO","ACTIVIDADES DE JUEGOS DE AZAR Y APUESTAS","-3.709332399999999","40.3852705",
257,"CALLE","ISABELITA USERA",24,"SPORTIUM","ACTIVIDADES ARTISTICAS, RECREATIVAS Y DE ENTRETENIMIENTO","ACTIVIDADES DE JUEGOS DE AZAR Y APUESTAS","-3.708045","40.3842094",
258,"CALLE","DOLORES BARRANCO",33,"SALON DE JUEGOS","ACTIVIDADES ARTISTICAS, RECREATIVAS Y DE ENTRETENIMIENTO","ACTIVIDADES DE JUEGOS DE AZAR Y APUESTAS","-3.7060121","40.3831789",
259,"CALLE","CRISTO DE LA VICTORIA",88,"SPORTIUM","ACTIVIDADES ARTISTICAS, RECREATIVAS Y DE ENTRETENIMIENTO","ACTIVIDADES DE JUEGOS DE AZAR Y APUESTAS","-3.7031705","40.3807821",
260,"CALLE","DOLORES BARRANCO",52,"A DETERMINAR","ACTIVIDADES ARTISTICAS, RECREATIVAS Y DE ENTRETENIMIENTO","ACTIVIDADES DE JUEGOS DE AZAR Y APUESTAS","-3.7070627","40.3834436",
261,"CALLE","MEZQUITA",11,"APUESTAS","ACTIVIDADES ARTISTICAS, RECREATIVAS Y DE ENTRETENIMIENTO","ACTIVIDADES DE JUEGOS DE AZAR Y APUESTAS","-3.6904551","40.3738227",
262,"CALLE","SAN MAXIMO",31,"ORENES","ACTIVIDADES ARTISTICAS, RECREATIVAS Y DE ENTRETENIMIENTO","ACTIVIDADES DE JUEGOS DE AZAR Y APUESTAS","-3.6932287","40.3767641",
263,"CALLE","GRAN AVENIDA",2,"CODERE",,"SALONES DE RECREO Y DIVERSION Y OTRAS ACTIVIDADES RECREATIVAS","-3.710710299999999","40.3692558","notcouncildata"
264,"CALLE","MARCELO USERA",85,"ROOM CODERE",,"SALONES DE RECREO Y DIVERSION Y OTRAS ACTIVIDADES RECREATIVAS","-3.7065275","40.38558889999999","notcouncildata"
265,"CALLE","MARCELO USERA",84,"SALON DE JUEGO NEVADA",,"LICENCIA DESCONOCIDA","-3.7065397","40.38585740000001","notcouncildata"
266,"CALLE","ANTONIO LOPEZ",160,"ROYAL SALON DE JUEGO",,"LICENCIA DESCONOCIDA","-3.7009547","40.3891447","notcouncildata"
267,"CALLE","ANTONIO LOPEZ",174,"BINGO SALONES LICEO",,"LICENCIA DESCONOCIDA","-3.700165","40.3882783","notcouncildata"
268,"CALLE","LAGARTERA",15,"NURIA LANAS MODA INFANTIL MERCERIA","ACTIVIDADES ARTISTICAS, RECREATIVAS Y DE ENTRETENIMIENTO","ACTIVIDADES DE JUEGOS DE AZAR Y APUESTAS","-3.6731056","40.3821249",
269,"AVENIDA","ALBUFERA",129,"BINGO SPORTIUM","ACTIVIDADES ARTISTICAS, RECREATIVAS Y DE ENTRETENIMIENTO","ACTIVIDADES DE JUEGOS DE AZAR Y APUESTAS","-3.6586284","40.3928805",
270,"AVENIDA","ALBUFERA",25,"MOVISTAR","ACTIVIDADES ARTISTICAS, RECREATIVAS Y DE ENTRETENIMIENTO","ACTIVIDADES DE JUEGOS DE AZAR Y APUESTAS","-3.6670058","40.3972953",
271,"CALLE","SANTA MARTA",20,"JUEGGING SANTA MARTA","ACTIVIDADES ARTISTICAS, RECREATIVAS Y DE ENTRETENIMIENTO","ACTIVIDADES DE JUEGOS DE AZAR Y APUESTAS","-3.6617494","40.4027648",
272,"AVENIDA","PEÑA PRIETA",11,"CASA DE APUESTAS","ACTIVIDADES ARTISTICAS, RECREATIVAS Y DE ENTRETENIMIENTO","ACTIVIDADES DE JUEGOS DE AZAR Y APUESTAS","-3.7037902","40.4167754",
273,"AVENIDA","PEÑA PRIETA",62,"CODERE APUESTAS","ACTIVIDADES ARTISTICAS, RECREATIVAS Y DE ENTRETENIMIENTO","ACTIVIDADES DE JUEGOS DE AZAR Y APUESTAS","-3.7037902","40.4167754",
274,"CALLE","SANTA MARTA",20,"POR DETERMINAR","ACTIVIDADES ARTISTICAS, RECREATIVAS Y DE ENTRETENIMIENTO","ACTIVIDADES DE JUEGOS DE AZAR Y APUESTAS","-3.6617494","40.4027648",
275,"AVENIDA","ALBUFERA",99,"MUEBLES ALBUFERA 99","ACTIVIDADES ARTISTICAS, RECREATIVAS Y DE ENTRETENIMIENTO","ACTIVIDADES DE JUEGOS DE AZAR Y APUESTAS","-3.6609574","40.39419669999999",
276,"AVENIDA","PABLO NERUDA",93,"GOLDEN PARK","ACTIVIDADES ARTISTICAS, RECREATIVAS Y DE ENTRETENIMIENTO","ACTIVIDADES DE JUEGOS DE AZAR Y APUESTAS","-3.6620628","40.3812503",
277,"AVENIDA","PABLO NERUDA",61,"SALON DE JUEGO","ACTIVIDADES ARTISTICAS, RECREATIVAS Y DE ENTRETENIMIENTO","ACTIVIDADES DE JUEGOS DE AZAR Y APUESTAS","-3.6494747","40.3822474",
278,"AVENIDA","RAFAEL ALBERTI",27,"SPORT BAR LAS VEGAS SALON DE JUEGOS Y APUESTAS","ACTIVIDADES ARTISTICAS, RECREATIVAS Y DE ENTRETENIMIENTO","ACTIVIDADES DE JUEGOS DE AZAR Y APUESTAS","-3.6408721","40.3864677",
279,"CALLE","COIN",9,"HIDROGAS SOLUCIONES","ACTIVIDADES ARTISTICAS, RECREATIVAS Y DE ENTRETENIMIENTO","ACTIVIDADES DE JUEGOS DE AZAR Y APUESTAS","-3.6399611","40.3868932",
280,"CALLE","SAN CLAUDIO",57,"R0TULO NO INFORMADO","ACTIVIDADES ARTISTICAS, RECREATIVAS Y DE ENTRETENIMIENTO","ACTIVIDADES DE JUEGOS DE AZAR Y APUESTAS","-3.6397855","40.3902701",
281,"CALLE","PEDRO LABORDE",49,"RECREATIVOS","ACTIVIDADES ARTISTICAS, RECREATIVAS Y DE ENTRETENIMIENTO","ACTIVIDADES DE JUEGOS DE AZAR Y APUESTAS","-3.6496624","40.386412",
282,"CALLE","PEDRO LABORDE",14,"MADRID JUEGOS","ACTIVIDADES ARTISTICAS, RECREATIVAS Y DE ENTRETENIMIENTO","ACTIVIDADES DE JUEGOS DE AZAR Y APUESTAS","-3.647868599999999","40.3890605",
283,"AVENIDA","PALOMERAS",142,"LAS VEGAS","ACTIVIDADES ARTISTICAS, RECREATIVAS Y DE ENTRETENIMIENTO","ACTIVIDADES DE JUEGOS DE AZAR Y APUESTAS","-3.649679","40.3860921",
284,"CALLE","SIERRA SALVADA",37,"EL DORADO","ACTIVIDADES ARTISTICAS, RECREATIVAS Y DE ENTRETENIMIENTO","ACTIVIDADES DE JUEGOS DE AZAR Y APUESTAS","-3.6483548","40.38871899999999",
285,"CALLE","PEDRO LABORDE",28,"ORENES","ACTIVIDADES ARTISTICAS, RECREATIVAS Y DE ENTRETENIMIENTO","ACTIVIDADES DE JUEGOS DE AZAR Y APUESTAS","-3.6480573","40.3887289",
286,"CALLE","PALOMERAS",51,"LUCKIA APUESTAS","ACTIVIDADES ARTISTICAS, RECREATIVAS Y DE ENTRETENIMIENTO","ACTIVIDADES DE JUEGOS DE AZAR Y APUESTAS","-3.664930399999999","40.389193",
287,"AVENIDA","MONTE IGUELDO",23,"PLAY ORENES S.L.U.","ACTIVIDADES ARTISTICAS, RECREATIVAS Y DE ENTRETENIMIENTO","ACTIVIDADES DE JUEGOS DE AZAR Y APUESTAS","-3.668076699999999","40.3965302",
288,"CALLE","MARTINEZ DE LA RIVA",4,"PLATINO SPORTS (T2, T3, T4 Y T5)","ACTIVIDADES ARTISTICAS, RECREATIVAS Y DE ENTRETENIMIENTO","ACTIVIDADES DE JUEGOS DE AZAR Y APUESTAS","-3.667746299999999","40.3952584",
289,"AVENIDA","MONTE IGUELDO",25,"SOLPARK","ACTIVIDADES ARTISTICAS, RECREATIVAS Y DE ENTRETENIMIENTO","ACTIVIDADES DE JUEGOS DE AZAR Y APUESTAS","-3.6681401","40.3964663",
290,"CALLE","MONTE PERDIDO",29,"CODERE","ACTIVIDADES ARTISTICAS, RECREATIVAS Y DE ENTRETENIMIENTO","ACTIVIDADES DE JUEGOS DE AZAR Y APUESTAS","-3.669672","40.3939609",
291,"CALLE","VIZCONDE DE ARLESSON",1,"SAL0N DE JUEGO","ACTIVIDADES ARTISTICAS, RECREATIVAS Y DE ENTRETENIMIENTO","ACTIVIDADES DE JUEGOS DE AZAR Y APUESTAS","-3.6656728","40.3841663",
292,"CALLE","CARLOS MARTIN ALVAREZ",100,"ORENES","ACTIVIDADES ARTISTICAS, RECREATIVAS Y DE ENTRETENIMIENTO","ACTIVIDADES DE JUEGOS DE AZAR Y APUESTAS","-3.666417","40.3860574",
293,"CALLE","CONVENIO",35,"VIDEO CEL SL","ACTIVIDADES ARTISTICAS, RECREATIVAS Y DE ENTRETENIMIENTO","ACTIVIDADES DE JUEGOS DE AZAR Y APUESTAS","-3.671732","40.3907535",
294,"AVENIDA","ALBUFERA",18,"EL DORADO SALON DE JUEGO","ACTIVIDADES ARTISTICAS, RECREATIVAS Y DE ENTRETENIMIENTO","ACTIVIDADES DE JUEGOS DE AZAR Y APUESTAS","-3.6679725","40.3974943",
295,"CALLE","MARTINEZ DE LA RIVA",16,"EMOTIVA SALON DE JUEGO","ACTIVIDADES ARTISTICAS, RECREATIVAS Y DE ENTRETENIMIENTO","ACTIVIDADES DE JUEGOS DE AZAR Y APUESTAS","-3.6665555","40.3940554",
296,"CALLE","PUERTO DE BALBARAN",41,"ORENES","ACTIVIDADES ARTISTICAS, RECREATIVAS Y DE ENTRETENIMIENTO","ACTIVIDADES DE JUEGOS DE AZAR Y APUESTAS","-3.668087399999999","40.38243569999999",
297,"CALLE","ANTONIA CALAS",15,"ALEA","ACTIVIDADES ARTISTICAS, RECREATIVAS Y DE ENTRETENIMIENTO","ACTIVIDADES DE JUEGOS DE AZAR Y APUESTAS","-3.6681666","40.39723010000001",
298,"CALLE","MARTINEZ DE LA RIVA",33,"SOL PARK BINGO ","ACTIVIDADES ARTISTICAS, RECREATIVAS Y DE ENTRETENIMIENTO","SALONES DE RECREO Y DIVERSION Y OTRAS ACTIVIDADES RECREATIVAS","-3.6662361","40.3936928","notcouncildata"
299,"CALLE","PENYA RUBIA",1,"DIVIER TT","ACTIVIDADES ARTISTICAS, RECREATIVAS Y DE ENTRETENIMIENTO","JUEGOS DE AZAR Y APUESTAS DE GESTION PUBLICA O O AUTORIZACION ESPECIAL (ESTADO Y ONCE)","-3.6670115","40.3968896","notcouncildata"
300,"AVENIDA","MONTE IGUELDO",10,,,"LICENCIA DESCONOCIDA","-3.66801","40.39693","notcouncildata"
301,"CALLE","SAN DIEGO",116,"SALONES DE JUEGO NEVADA",,"LICENCIA DESCONOCIDA","-3.6521667","40.3895986","notcouncildata"
302,"AVENIDA","SAN DIEGO",136,"SALÓN DE JUEGOS EL DORADO",,"LICENCIA DESCONOCIDA","-3.6656116","40.3843638","notcouncildata"
303,"CALLE","CARLOS MARTIN ALVAREZ",5,"CODERE",,"ACTIVIDADES DE JUEGOS DE AZAR Y APUESTAS","-3.661856799999999","40.3912509","notcouncildata"
304,"AVENIDA","ALBUFERA",17,"MADRID JUEGOS",,"JUEGOS DE AZAR Y APUESTAS DE GESTION PUBLICA O O AUTORIZACION ESPECIAL (ESTADO Y ONCE)","-3.6674484","40.3975683","notcouncildata"
305,"CALLE","MARTINEZ DE LA RIVA",33,"ORENES",,"SALONES DE RECREO Y DIVERSION Y OTRAS ACTIVIDADES RECREATIVAS","-3.6662361","40.3936928","notcouncildata"
306,"AVENIDA","ALBUFERA",115,"SPORTIUM SALON DE JUEGOS – CAFETERÍA AHINOA",,"LICENCIA DESCONOCIDA","-3.6599994","40.3936109","notcouncildata"
307,"CALLE","PUERTO DE ALCOLEA",4,"ENRACHA GORBEA (BINGO Y CASA DE APUESTAS)",,"LICENCIA DESCONOCIDA","-3.6664707","40.3962471","notcouncildata"
308,"CALLE","RUICES",2,"ORENES",,"LICENCIA DESCONOCIDA","-3.665829499999999","40.3932472","notcouncildata"
309,"AVENIDA","ALBUFERA",32,"ROYAL CROWN",,"LICENCIA DESCONOCIDA","-3.6669223","40.3969441","notcouncildata"
310,"CALLE","DOCTOR BELLIDO",2,"SALON DE JUEGO NEVADA",,"LICENCIA DESCONOCIDA","-3.6669665","40.3854099","notcouncildata"
311,"AVENIDA","ALBUFERA",19,"LUCKIA",,"LICENCIA DESCONOCIDA","-3.6673694","40.3975197","notcouncildata"
312,"AVENIDA","MORATALAZ",135,"SALON DE JUEGOS EL DORADO","ACTIVIDADES ARTISTICAS, RECREATIVAS Y DE ENTRETENIMIENTO","ACTIVIDADES DE JUEGOS DE AZAR Y APUESTAS","-3.6485219","40.4071162",
313,"CALLE","MARROQUINA",22,"CODERE","ACTIVIDADES ARTISTICAS, RECREATIVAS Y DE ENTRETENIMIENTO","ACTIVIDADES DE JUEGOS DE AZAR Y APUESTAS","-3.649230999999999","40.4072532",
314,"CALLE","MANUEL MACHADO",6,"SAL0N DE JUEGOS","ACTIVIDADES ARTISTICAS, RECREATIVAS Y DE ENTRETENIMIENTO","ACTIVIDADES DE JUEGOS DE AZAR Y APUESTAS","-3.6593317","40.4115656",
315,"CALLE","CORREGIDOR DIEGO DE VALDERRABANO",25,"ORENES","ACTIVIDADES ARTISTICAS, RECREATIVAS Y DE ENTRETENIMIENTO","ACTIVIDADES DE JUEGOS DE AZAR Y APUESTAS","-3.6583601","40.4118581",
316,"CALLE","FUENTE CARRANTONA",55,"JUEGGING",,"JUEGOS DE AZAR Y APUESTAS DE GESTION PUBLICA O O AUTORIZACION ESPECIAL (ESTADO Y ONCE)","-3.6301696","40.4100976","notcouncildata"
317,"AVENIDA","MORATALAZ",115,"SPORTIUM",,"LICENCIA DESCONOCIDA","-3.6506405","40.4062343","notcouncildata"
318,"CALLE","MARROQUINA",12,"SPORTIUM",,"SALONES DE RECREO Y DIVERSION Y OTRAS ACTIVIDADES RECREATIVAS","-3.6501681","40.4069682","notcouncildata"
319,"CALLE","LOPEZ DE HOYOS",346,"BETMADRID","ACTIVIDADES ARTISTICAS, RECREATIVAS Y DE ENTRETENIMIENTO","ACTIVIDADES DE JUEGOS DE AZAR Y APUESTAS","-3.6602247","40.4579231",
320,"CALLE","VIRGEN DE LA ROCA",43,"MADRID JP JUEGOS","ACTIVIDADES ARTISTICAS, RECREATIVAS Y DE ENTRETENIMIENTO","ACTIVIDADES DE JUEGOS DE AZAR Y APUESTAS","-3.658106399999999","40.4349189",
321,"CALLE","RAQUEL MELLER",2,"CASINO PARK","ACTIVIDADES ARTISTICAS, RECREATIVAS Y DE ENTRETENIMIENTO","ACTIVIDADES DE JUEGOS DE AZAR Y APUESTAS","-3.6573334","40.4323824",
322,"CALLE","JOSE DEL HIERRO",39,"SALON DE JUEGOS IBIZA SPORTIUM SALON DE JUEGOS","ACTIVIDADES ARTISTICAS, RECREATIVAS Y DE ENTRETENIMIENTO","ACTIVIDADES DE JUEGOS DE AZAR Y APUESTAS","-3.6444633","40.4402202",
323,,,0,"CAFETERIA SALON DE JUEGOS JC",,"SALONES DE RECREO Y DIVERSION Y OTRAS ACTIVIDADES RECREATIVAS","-3.7038101","40.4166359",
324,"CALLE","JAZMIN",36,"SPORTIUM APUESTAS DEPORTIVAS","ACTIVIDADES ARTISTICAS, RECREATIVAS Y DE ENTRETENIMIENTO","ACTIVIDADES DE JUEGOS DE AZAR Y APUESTAS","-3.6666275","40.4786314",
325,"CALLE","EMILIO FERRARI",58,"SALON JUEGOS Y APUESTAS","ACTIVIDADES ARTISTICAS, RECREATIVAS Y DE ENTRETENIMIENTO","ACTIVIDADES DE JUEGOS DE AZAR Y APUESTAS","-3.6412532","40.431104",
326,"CALLE","ALCALA",390,"MADRID JUEGOS","ACTIVIDADES ARTISTICAS, RECREATIVAS Y DE ENTRETENIMIENTO","ACTIVIDADES DE JUEGOS DE AZAR Y APUESTAS","-3.6405831","40.4366062",
327,"CALLE","EZEQUIEL SOLANA",73,"CODERE APUESTAS","ACTIVIDADES ARTISTICAS, RECREATIVAS Y DE ENTRETENIMIENTO","ACTIVIDADES DE JUEGOS DE AZAR Y APUESTAS","-3.6430371","40.4284559",
328,"CALLE","ALCALA",307,"VICTORIA","ACTIVIDADES ARTISTICAS, RECREATIVAS Y DE ENTRETENIMIENTO","ACTIVIDADES DE JUEGOS DE AZAR Y APUESTAS","-3.6525215","40.4326732",
329,"CALLE","ALCALA",425,"SLOTS CITY","ACTIVIDADES ARTISTICAS, RECREATIVAS Y DE ENTRETENIMIENTO","ACTIVIDADES DE JUEGOS DE AZAR Y APUESTAS","-3.6371782","40.4383029",
330,"CALLE","VIRGEN DEL SAGRARIO",3,"MADRID JP JUEGOS","ACTIVIDADES ARTISTICAS, RECREATIVAS Y DE ENTRETENIMIENTO","ACTIVIDADES DE JUEGOS DE AZAR Y APUESTAS","-3.6477999","40.4340577",
331,"CALLE","ALCALA",419,"SALON DE JUEGOS","ACTIVIDADES ARTISTICAS, RECREATIVAS Y DE ENTRETENIMIENTO","ACTIVIDADES DE JUEGOS DE AZAR Y APUESTAS","-3.6377799","40.4381644",
332,"CALLE","ALCALA",339,"KASINO BAR","ACTIVIDADES ARTISTICAS, RECREATIVAS Y DE ENTRETENIMIENTO","ACTIVIDADES DE JUEGOS DE AZAR Y APUESTAS","-3.647868599999999","40.4335153",
333,"CALLE","ALCALA",399,"LUCKIA","ACTIVIDADES ARTISTICAS, RECREATIVAS Y DE ENTRETENIMIENTO","ACTIVIDADES DE JUEGOS DE AZAR Y APUESTAS","-3.640998799999999","40.4367322",
334,"CALLE","ALCALA",423,"BINGO ALCALA","ACTIVIDADES ARTISTICAS, RECREATIVAS Y DE ENTRETENIMIENTO","ACTIVIDADES DE JUEGOS DE AZAR Y APUESTAS","-3.6373564","40.4382774",
335,"CALLE","ALCALA",341,"SAL0N DE JUEGO / APUESTAS","ACTIVIDADES ARTISTICAS, RECREATIVAS Y DE ENTRETENIMIENTO","ACTIVIDADES DE JUEGOS DE AZAR Y APUESTAS","-3.6471123","40.433736",
336,"CALLE","EMILIO VARGAS",20,"BINGO PEGASO","ACTIVIDADES ARTISTICAS, RECREATIVAS Y DE ENTRETENIMIENTO","ACTIVIDADES DE JUEGOS DE AZAR Y APUESTAS","-3.6514625","40.44891579999999",
337,"CALLE","EMILIO VARGAS",18,"SAL0N RECREATIVO","ACTIVIDADES ARTISTICAS, RECREATIVAS Y DE ENTRETENIMIENTO","ACTIVIDADES DE JUEGOS DE AZAR Y APUESTAS","-3.6518468","40.4485832",
338,"CALLE","MARCELINO ALVAREZ",2,"FAMUYA","ACTIVIDADES ARTISTICAS, RECREATIVAS Y DE ENTRETENIMIENTO","ACTIVIDADES DE JUEGOS DE AZAR Y APUESTAS","-3.6542519","40.4320549",
339,"AVENIDA","MARQUES DE CORBERA",40,"SPORTIUM APUESTAS DEPORTIVAS","ACTIVIDADES ARTISTICAS, RECREATIVAS Y DE ENTRETENIMIENTO","ACTIVIDADES DE JUEGOS DE AZAR Y APUESTAS","-3.652377299999999","40.4251133",
340,"CALLE","GERARDO CORDON",1,"SALON DE JUEGO Y APUESTA","ACTIVIDADES ARTISTICAS, RECREATIVAS Y DE ENTRETENIMIENTO","ACTIVIDADES DE JUEGOS DE AZAR Y APUESTAS","-3.655472","40.4258027",
341,"CALLE","LAGO CONSTANZA",50,"BINGO","ACTIVIDADES ARTISTICAS, RECREATIVAS Y DE ENTRETENIMIENTO","ACTIVIDADES DE JUEGOS DE AZAR Y APUESTAS","-3.6464233","40.4305598",
342,"CALLE","ALCALA",308,"COACE","ACTIVIDADES ARTISTICAS, RECREATIVAS Y DE ENTRETENIMIENTO","ACTIVIDADES DE JUEGOS DE AZAR Y APUESTAS","-3.6490433","40.4328453",
343,"AVENIDA","MARQUES DE CORBERA",9,"REFILL 24","ACTIVIDADES ARTISTICAS, RECREATIVAS Y DE ENTRETENIMIENTO","ACTIVIDADES DE JUEGOS DE AZAR Y APUESTAS","-3.655407399999999","40.4235055",
344,"CALLE","VITAL AZA",53,"FRUTERIA AZAHARA",,"SALONES DE RECREO Y DIVERSION Y OTRAS ACTIVIDADES RECREATIVAS","-3.6408404","40.4326432","notcouncildata"
345,"CALLE","ALCALÁ",361,"MUESTRA OPACA","ACTIVIDADES ARTISTICAS, RECREATIVAS Y DE ENTRETENIMIENTO","ACTIVIDADES DE JUEGOS DE AZAR Y APUESTAS","-3.6453021","40.4347182",
346,"CARRETERA","CANILLAS",60,"BARLA TORRRE","ACTIVIDADES ARTISTICAS, RECREATIVAS Y DE ENTRETENIMIENTO","ACTIVIDADES DE JUEGOS DE AZAR Y APUESTAS","-3.647075399999999","40.4631174",
347,"CALLE","VALDECALERAS",1,"SPORTIUM","ACTIVIDADES ARTISTICAS, RECREATIVAS Y DE ENTRETENIMIENTO","ACTIVIDADES DE JUEGOS DE AZAR Y APUESTAS","-3.6468484","40.4635602",
348,"CALLE","LOPEZ DE HOYOS",472,"BINGO PINAR","ACTIVIDADES ARTISTICAS, RECREATIVAS Y DE ENTRETENIMIENTO","ACTIVIDADES DE JUEGOS DE AZAR Y APUESTAS","-3.6502311","40.4711532",
349,"CALLE","SANTA VIRGILIA",1,"ALIMENTACION AUTOSERVICIO","ACTIVIDADES ARTISTICAS, RECREATIVAS Y DE ENTRETENIMIENTO","ACTIVIDADES DE JUEGOS DE AZAR Y APUESTAS","-3.645439799999999","40.4773289",
350,"CALLE","LOPEZ DE HOYOS",476,"SPORTIUM","ACTIVIDADES ARTISTICAS, RECREATIVAS Y DE ENTRETENIMIENTO","ACTIVIDADES DE JUEGOS DE AZAR Y APUESTAS","-3.6497693","40.4714421",
351,"CALLE","GUATAVITA",1,"JUEGOYAZAR","ACTIVIDADES ARTISTICAS, RECREATIVAS Y DE ENTRETENIMIENTO","ACTIVIDADES DE JUEGOS DE AZAR Y APUESTAS","-3.6359116","40.4719365",
352,"CALLE","BERROCAL",9,"SPORTIUM","ACTIVIDADES ARTISTICAS, RECREATIVAS Y DE ENTRETENIMIENTO","ACTIVIDADES DE JUEGOS DE AZAR Y APUESTAS","-3.676037699999999","40.3441187",
353,"CALLE","ESCORIAZA",4,"LOCAL DE APUESTAS","ACTIVIDADES ARTISTICAS, RECREATIVAS Y DE ENTRETENIMIENTO","ACTIVIDADES DE JUEGOS DE AZAR Y APUESTAS","-3.6947656","40.3512621",
354,"CALLE","ENCARNACION OVIOL",41,"RECREATIVO","ACTIVIDADES ARTISTICAS, RECREATIVAS Y DE ENTRETENIMIENTO","ACTIVIDADES DE JUEGOS DE AZAR Y APUESTAS","-3.6879378","40.3506089",
355,"AVENIDA","OROVILLA",47,"MUESTRA ILUMINADA","ACTIVIDADES ARTISTICAS, RECREATIVAS Y DE ENTRETENIMIENTO","ACTIVIDADES DE JUEGOS DE AZAR Y APUESTAS","-3.68932","40.36055",
356,"CALLE","MARIA MARTINEZ OVIOL",1,"CODERE APUESTAS","ACTIVIDADES ARTISTICAS, RECREATIVAS Y DE ENTRETENIMIENTO","ACTIVIDADES DE JUEGOS DE AZAR Y APUESTAS","-3.6914174","40.351558",
357,"AVENIDA","ESPINELA",12,"SALON DE JUEGOS","ACTIVIDADES ARTISTICAS, RECREATIVAS Y DE ENTRETENIMIENTO","ACTIVIDADES DE JUEGOS DE AZAR Y APUESTAS","-3.7094699","40.3451725",
358,"CALLE","ALBINO HERNANDEZ LAZARO",36,"SPORTIUM","ACTIVIDADES ARTISTICAS, RECREATIVAS Y DE ENTRETENIMIENTO","ACTIVIDADES DE JUEGOS DE AZAR Y APUESTAS","-3.7072807","40.3456933",
359,"PASEO","ALBERTO PALACIOS",23,"CAIXA LAIETANA","ACTIVIDADES ARTISTICAS, RECREATIVAS Y DE ENTRETENIMIENTO","ACTIVIDADES DE JUEGOS DE AZAR Y APUESTAS","-3.7117309","40.3458797",
360,"CALLE","BENIFERRI",1,"APUESTAS DEPORTIVAS JUEGGING","ACTIVIDADES ARTISTICAS, RECREATIVAS Y DE ENTRETENIMIENTO","ACTIVIDADES DE JUEGOS DE AZAR Y APUESTAS","-3.6908585","40.3449812",
361,"CALLE","ROCAFORT",109,"R0TULO NO INFORMADO","ACTIVIDADES ARTISTICAS, RECREATIVAS Y DE ENTRETENIMIENTO","ACTIVIDADES DE JUEGOS DE AZAR Y APUESTAS","-3.6863867","40.3425677",
362,"CALLE","ROCAFORT",20,"SPORTIUM","ACTIVIDADES ARTISTICAS, RECREATIVAS Y DE ENTRETENIMIENTO","ACTIVIDADES DE JUEGOS DE AZAR Y APUESTAS","-3.68742","40.34144",
363,"CALLE","MARIA MARTINEZ OVIOL",3,"OZIUM SASON DE JUEGOS",,"SALONES DE RECREO Y DIVERSION Y OTRAS ACTIVIDADES RECREATIVAS","-3.6914161","40.3513236","notcouncildata"
364,"CALLE","VICENTE CARBALLAL ",3,"LUCKIA APUESTAS",,"JUEGOS DE AZAR Y APUESTAS DE GESTION PUBLICA O O AUTORIZACION ESPECIAL (ESTADO Y ONCE)","-3.6827539","40.3529245","notcouncildata"
365,"CALLE ","DOCTOR MARTIN AREVALO",47,"BINGO",,"LICENCIA DESCONOCIDA","-3.704604799999999","40.3464356","notcouncildata"
366,"PASEO","ALBERTO PALACIOS",7,"CODERE",,"LICENCIA DESCONOCIDA","-3.7098107","40.3461575","notcouncildata"
367,"PASEO","ALBERTO PALACIOS",9,"CASINO VICTORY",,"LICENCIA DESCONOCIDA","-3.7100757","40.3461015","notcouncildata"
368,"PASEO","ALBERTO PALACIOS",21,"RETA BET.ES",,"LICENCIA DESCONOCIDA","-3.7116049","40.34590499999999","notcouncildata"
369,"PASEO","GIGANTES Y CABEZUDOS",6,"SPORTIUM ROOM SALON DE JUEGOS",,"LICENCIA DESCONOCIDA","-3.6940984","40.3604729","notcouncildata"
370,"PASEO","GIGANTES Y CABEZUDOS",8,"CODERE JUEGOS",,"LICENCIA DESCONOCIDA","-3.6940831","40.3603047","notcouncildata"
371,"PASEO","GIGANTES Y CABEZUDOS",2,"SALONES DE JUEGO ROYAL CROWN",,"LICENCIA DESCONOCIDA","-3.6936964","40.3529687","notcouncildata"
372,"CALLE","SELMA LAGERLOFF",12,"SPORTIUM",,"JUEGOS DE AZAR Y APUESTAS DE GESTION PUBLICA O O AUTORIZACION ESPECIAL (ESTADO Y ONCE)","-3.6879016","40.3543749","notcouncildata"
373,"PASEO","FEDERICO GARCIA LORCA",15,"SPORTIUM","ACTIVIDADES ARTISTICAS, RECREATIVAS Y DE ENTRETENIMIENTO","ACTIVIDADES DE JUEGOS DE AZAR Y APUESTAS","-3.6208471","40.37808030000001",
374,"CALLE","JESUS DEL PINO",22,"ORENES","ACTIVIDADES ARTISTICAS, RECREATIVAS Y DE ENTRETENIMIENTO","ACTIVIDADES DE JUEGOS DE AZAR Y APUESTAS","-3.623477","40.3814353",
375,"CALLE","ADOLFO BIOY CASARES",2,"GOLDEN PARK","ACTIVIDADES ARTISTICAS, RECREATIVAS Y DE ENTRETENIMIENTO","ACTIVIDADES DE JUEGOS DE AZAR Y APUESTAS","-3.5991676","40.3689253",
376,"AVENIDA","SANTA EUGENIA",29,"SPORTIUM","ACTIVIDADES ARTISTICAS, RECREATIVAS Y DE ENTRETENIMIENTO","ACTIVIDADES DE JUEGOS DE AZAR Y APUESTAS","-3.6122871","40.3843351",
377,"CALLE","SERRANIA DE RONDA",3,"MADRID JUEGOS",,"JUEGOS DE AZAR Y APUESTAS DE GESTION PUBLICA O O AUTORIZACION ESPECIAL (ESTADO Y ONCE)","-3.6204041","40.379776","notcouncildata"
378,"CALLE","PUERTO DE PORZUNA",3,"CODERE",,"JUEGOS DE AZAR Y APUESTAS DE GESTION PUBLICA O O AUTORIZACION ESPECIAL (ESTADO Y ONCE)","-3.6207907","40.37582889999999","notcouncildata"
379,"CALLE","MONTES ALBERES",2,"LUCKIA",,"JUEGOS DE AZAR Y APUESTAS DE GESTION PUBLICA O O AUTORIZACION ESPECIAL (ESTADO Y ONCE)","-3.6191533","40.3738571","notcouncildata"
380,"CALLE","VILLARDONDIEGO",39,"SPORTIUM","ACTIVIDADES ARTISTICAS, RECREATIVAS Y DE ENTRETENIMIENTO","ACTIVIDADES DE JUEGOS DE AZAR Y APUESTAS","-3.6079713","40.4046363",
381,"CALLE","VILLAJIMENA",18,"SPORTIUM","ACTIVIDADES ARTISTICAS, RECREATIVAS Y DE ENTRETENIMIENTO","ACTIVIDADES DE JUEGOS DE AZAR Y APUESTAS","-3.6074238","40.4066376",
382,"AVENIDA","REAL",21,"ORENES","ACTIVIDADES ARTISTICAS, RECREATIVAS Y DE ENTRETENIMIENTO","ACTIVIDADES DE JUEGOS DE AZAR Y APUESTAS","-3.6079498","40.4028185",
383,"CALLE","CONDESA VEGA DEL POZO",8,"AZAR CASINOS","ACTIVIDADES ARTISTICAS, RECREATIVAS Y DE ENTRETENIMIENTO","ACTIVIDADES DE JUEGOS DE AZAR Y APUESTAS","-3.6080869","40.4036014",
384,"CALLE","SAN CIPRIANO",35,"CLUB FANTASY","ACTIVIDADES ARTISTICAS, RECREATIVAS Y DE ENTRETENIMIENTO","ACTIVIDADES DE JUEGOS DE AZAR Y APUESTAS","-3.6034155","40.4043062",
385,"CALLE","SAN CIPRIANO",44,"SALON TOKA","ACTIVIDADES ARTISTICAS, RECREATIVAS Y DE ENTRETENIMIENTO","ACTIVIDADES DE JUEGOS DE AZAR Y APUESTAS","-3.60406","40.40381",
386,"BULEVAR","INDALECIO PRIETO",32,"JUEGGING","ACTIVIDADES ARTISTICAS, RECREATIVAS Y DE ENTRETENIMIENTO","ACTIVIDADES DE JUEGOS DE AZAR Y APUESTAS","-3.6225415","40.3986236",
387,"CALLE","POBLADURA DEL VALLE",15,"BINGO","ACTIVIDADES ARTISTICAS, RECREATIVAS Y DE ENTRETENIMIENTO","ACTIVIDADES DE JUEGOS DE AZAR Y APUESTAS","-3.6173082","40.427477",
388,"CALLE","ETRURIA",3,"CODERE","ACTIVIDADES ARTISTICAS, RECREATIVAS Y DE ENTRETENIMIENTO","ACTIVIDADES DE JUEGOS DE AZAR Y APUESTAS","-3.6121318","40.4358742",
389,"CALLE","ALCALA",590,"SPORTIUM ALCALA","ACTIVIDADES ARTISTICAS, RECREATIVAS Y DE ENTRETENIMIENTO","ACTIVIDADES DE JUEGOS DE AZAR Y APUESTAS","-3.6120901","40.4465492",
390,"CALLE","ALCALA",603,"SALON JUEGO","ACTIVIDADES ARTISTICAS, RECREATIVAS Y DE ENTRETENIMIENTO","ACTIVIDADES DE JUEGOS DE AZAR Y APUESTAS","-3.6125398","40.4467636",
391,"CALLE","ALCALA",626,"BET AND LUCK SPORTS BAR","ACTIVIDADES ARTISTICAS, RECREATIVAS Y DE ENTRETENIMIENTO","ACTIVIDADES DE JUEGOS DE AZAR Y APUESTAS","-3.6094384","40.4482837",
392,"CALLE","ARACNE",3,"LUCKIA","ACTIVIDADES ARTISTICAS, RECREATIVAS Y DE ENTRETENIMIENTO","ACTIVIDADES DE JUEGOS DE AZAR Y APUESTAS","-3.5875084","40.4469408",
393,"AVENIDA","NIZA",67,"SALON DE JUEGOS","ACTIVIDADES ARTISTICAS, RECREATIVAS Y DE ENTRETENIMIENTO","ACTIVIDADES DE JUEGOS DE AZAR Y APUESTAS","-3.6081515","40.4340873",
394,"CALLE","ZUMEL",8,"SPORTIUM","ACTIVIDADES ARTISTICAS, RECREATIVAS Y DE ENTRETENIMIENTO","ACTIVIDADES DE JUEGOS DE AZAR Y APUESTAS","-3.6262214","40.4288309",
395,"AVENIDA","INSTITUCION LIBRE DE ENSEÑANZA",1,"SALON DE JUEGOSC/ VICTORIA","ACTIVIDADES ARTISTICAS, RECREATIVAS Y DE ENTRETENIMIENTO","ACTIVIDADES DE JUEGOS DE AZAR Y APUESTAS","-3.6967725","40.4348289",
396,"AVENIDA","INSTITUCION LIBRE DE ENSEÑANZA",43,"ORENES","ACTIVIDADES ARTISTICAS, RECREATIVAS Y DE ENTRETENIMIENTO","ACTIVIDADES DE JUEGOS DE AZAR Y APUESTAS","-3.6967725","40.4348289",
397,"AVENIDA","INSTITUCION LIBRE DE ENSEÑANZA",17,"LAS VEGAS BINGO","ACTIVIDADES ARTISTICAS, RECREATIVAS Y DE ENTRETENIMIENTO","ACTIVIDADES DE JUEGOS DE AZAR Y APUESTAS","-3.6967725","40.4348289",
398,"CALLE","MAYOLICA",8,"FERRETERIA LOS HERMANOS ",,"COMERCIO AL POR MENOR DE ARTICULOS DE FERRETERIA","-3.6168233","40.4269335","notcouncildata"
399,"CALLE","SAN FAUSTINO",8,"ALMACENES GOFER",,"COMERCIO AL POR MENOR DE TEXTILES PARA EL HOGAR","-3.6090999","40.44700419999999","notcouncildata"
400,"AVENIDA","GENERAL",29,"SPORTIUM TOKA SPORTIUM","ACTIVIDADES ARTISTICAS, RECREATIVAS Y DE ENTRETENIMIENTO","ACTIVIDADES DE JUEGOS DE AZAR Y APUESTAS","-3.578832","40.4721769",
401,"CALLE","TIMON",30,"JUEGOS / APUESTAS","ACTIVIDADES ARTISTICAS, RECREATIVAS Y DE ENTRETENIMIENTO","ACTIVIDADES DE JUEGOS DE AZAR Y APUESTAS","-3.5883633","40.4723529",
402,"AVENIDA","LOGROÑO",148,"EuroPlay – Sport Bar – Salón de Juego – Codere",,"SALONES DE RECREO Y DIVERSION Y OTRAS ACTIVIDADES RECREATIVAS","-3.5819492","40.47389039999999","notcouncildata"